student_id,student_dept,company,company_dept,rank,phase,result,slot
S00001,社会福祉科,医療法人 正正会 分野病院,社会福祉科,1.0,preference,OK,
S00001,社会福祉科,児童発達支援・放課後等デイサービスLUMO (株式会社 Gotoschoolグループ募集),社会福祉科,2.0,preference,OK,
S00001,社会福祉科,社会福祉法人 聖徳会,社会福祉科,3.0,preference,OK,
S00002,社会福祉科,医療法人 恒昭会(藍野病院・藍野花園病院・青葉丘病院),社会福祉科,1.0,preference,OK,
S00002,社会福祉科,社会医療法人寿栄会 ありまこうげんホスピタル,社会福祉科,2.0,preference,OK,
S00002,社会福祉科,社会福祉法人 天心会 小阪病院,社会福祉科,3.0,preference,OK,
S00003,社会福祉科,株式会社 ミック・ジャパン 【ミック健康の森】 【ドラッグミック】 【ローソンドラッグミック】,社会福祉科,1.0,preference,OK,
S00003,社会福祉科,一般社団法人 水口病院,社会福祉科,2.0,preference,OK,
S00003,社会福祉科,社会福祉法人 聖徳会,社会福祉科,3.0,preference,OK,
S00004,社会福祉科,社会福祉法人 京都府社会福祉事業団,社会福祉科,1.0,preference,OK,
S00004,社会福祉科,社会医療法人寿栄会 ありまこうげんホスピタル,社会福祉科,2.0,preference,OK,
S00004,社会福祉科,社会福祉法人 みなと寮 (救護施設・特別養護老人ホーム),社会福祉科,3.0,preference,OK,
S00005,社会福祉科,株式会社 T’Sコーポレーショングループ,社会福祉科,1.0,preference,OK,
S00005,社会福祉科,社会福祉法人 みなと寮 (救護施設・特別養護老人ホーム),社会福祉科,2.0,preference,OK,
S00005,社会福祉科,社会福祉法人 大阪自彊館,社会福祉科,3.0,preference,OK,
S00006,社会福祉科,社会福祉法人 みなと寮 (救護施設・特別養護老人ホーム),社会福祉科,1.0,preference,OK,
S00006,社会福祉科,公益財団法人 総合病院 浅香山病院,社会福祉科,2.0,preference,OK,
S00006,社会福祉科,一般社団法人 水口病院,社会福祉科,3.0,preference,OK,
S00007,社会福祉科,医療法人 恒昭会(藍野病院・藍野花園病院・青葉丘病院),社会福祉科,1.0,preference,OK,
S00007,社会福祉科,株式会社 絆ホールディングス,社会福祉科,2.0,preference,OK,
S00007,社会福祉科,株式会社 T’Sコーポレーショングループ,社会福祉科,3.0,preference,OK,
S00008,社会福祉科,社会福祉法人 聖徳会,社会福祉科,1.0,preference,OK,
S00008,社会福祉科,社会福祉法人 産経新聞厚生文化事業団,社会福祉科,2.0,preference,OK,
S00008,社会福祉科,社会医療法人寿栄会 ありまこうげんホスピタル,社会福祉科,3.0,preference,OK,
S00009,社会福祉科,株式会社 T’Sコーポレーショングループ,社会福祉科,1.0,preference,OK,
S00009,社会福祉科,医療法人社団 創生会,社会福祉科,2.0,preference,OK,
S00009,社会福祉科,社会福祉法人 みなと寮 (救護施設・特別養護老人ホーム),社会福祉科,3.0,preference,OK,
S00010,社会福祉科,一般社団法人 水口病院,社会福祉科,1.0,preference,OK,
S00010,社会福祉科,社会福祉法人 天心会 小阪病院,社会福祉科,2.0,preference,OK,
S00010,社会福祉科,医療法人 恒昭会(藍野病院・藍野花園病院・青葉丘病院),社会福祉科,3.0,preference,OK,
S00011,社会福祉科,児童発達支援・放課後等デイサービスLUMO (株式会社 Gotoschoolグループ募集),社会福祉科,1.0,preference,OK,
S00011,社会福祉科,社会福祉法人 ヒューマンライツ福祉協会,社会福祉科,2.0,preference,OK,
S00011,社会福祉科,株式会社 T’Sコーポレーショングループ,社会福祉科,3.0,preference,OK,
S00012,社会福祉科,株式会社スバコ・ケア・エンジニアリング,社会福祉科,1.0,preference,OK,
S00012,社会福祉科,社会福祉法人 産経新聞厚生文化事業団,社会福祉科,2.0,preference,OK,
S00012,社会福祉科,医療法人 恒昭会(藍野病院・藍野花園病院・青葉丘病院),社会福祉科,3.0,preference,OK,
S00013,社会福祉科,株式会社 T’Sコーポレーショングループ,社会福祉科,1.0,preference,OK,
S00013,社会福祉科,一般社団法人 水口病院,社会福祉科,2.0,preference,OK,
S00013,社会福祉科,医療法人 正正会 分野病院,社会福祉科,3.0,preference,OK,
S00014,社会福祉科,社会医療法人寿栄会 ありまこうげんホスピタル,社会福祉科,1.0,preference,OK,
S00014,社会福祉科,社会福祉法人 みなと寮 (救護施設・特別養護老人ホーム),社会福祉科,2.0,preference,OK,
S00014,社会福祉科,医療法人社団 創生会,社会福祉科,3.0,preference,OK,
S00015,社会福祉科,社会福祉法人 京都府社会福祉事業団,社会福祉科,1.0,preference,OK,
S00015,社会福祉科,児童発達支援・放課後等デイサービスLUMO (株式会社 Gotoschoolグループ募集),社会福祉科,2.0,preference,OK,
S00015,社会福祉科,医療法人 恒昭会(藍野病院・藍野花園病院・青葉丘病院),社会福祉科,3.0,preference,OK,
S00016,社会福祉科,社会福祉法人 聖徳会,社会福祉科,1.0,preference,OK,
S00016,社会福祉科,社会福祉法人 産経新聞厚生文化事業団,社会福祉科,2.0,preference,OK,
S00016,社会福祉科,医療法人 恒昭会(藍野病院・藍野花園病院・青葉丘病院),社会福祉科,3.0,preference,OK,
S00017,社会福祉科,一般社団法人 水口病院,社会福祉科,1.0,preference,OK,
S00017,社会福祉科,株式会社スバコ・ケア・エンジニアリング,社会福祉科,2.0,preference,OK,
S00017,社会福祉科,医療法人 恒昭会(藍野病院・藍野花園病院・青葉丘病院),社会福祉科,3.0,preference,OK,
S00018,社会福祉科,株式会社スバコ・ケア・エンジニアリング,社会福祉科,1.0,preference,OK,
S00018,社会福祉科,株式会社 シーアイ・パートナーズグループ,社会福祉科,2.0,preference,OK,
S00018,社会福祉科,社会福祉法人 南湖会【障がい児者支援事業】,社会福祉科,3.0,preference,OK,
S00019,社会福祉科,株式会社 シーアイ・パートナーズグループ,社会福祉科,1.0,preference,OK,
S00019,社会福祉科,社会医療法人寿栄会 ありまこうげんホスピタル,社会福祉科,2.0,preference,OK,
S00019,社会福祉科,株式会社スバコ・ケア・エンジニアリング,社会福祉科,3.0,preference,OK,
S00020,社会福祉科,公益財団法人 総合病院 浅香山病院,社会福祉科,1.0,preference,OK,
S00020,社会福祉科,株式会社スバコ・ケア・エンジニアリング,社会福祉科,2.0,preference,OK,
S00020,社会福祉科,医療法人 正正会 分野病院,社会福祉科,3.0,preference,OK,
S00021,社会福祉科,株式会社スバコ・ケア・エンジニアリング,社会福祉科,1.0,preference,OK,
S00021,社会福祉科,社会福祉法人 天心会 小阪病院,社会福祉科,2.0,preference,OK,
S00021,社会福祉科,医療法人 恒昭会(藍野病院・藍野花園病院・青葉丘病院),社会福祉科,3.0,preference,OK,
S00022,社会福祉科,社会福祉法人 南湖会【障がい児者支援事業】,社会福祉科,1.0,preference,OK,
S00022,社会福祉科,株式会社スバコ・ケア・エンジニアリング,社会福祉科,2.0,preference,OK,
S00022,社会福祉科,医療法人 恒昭会(藍野病院・藍野花園病院・青葉丘病院),社会福祉科,3.0,preference,OK,
S00023,社会福祉科,公益財団法人 総合病院 浅香山病院,社会福祉科,1.0,preference,OK,
S00023,社会福祉科,社会福祉法人 産経新聞厚生文化事業団,社会福祉科,2.0,preference,OK,
S00023,社会福祉科,社会医療法人寿栄会 ありまこうげんホスピタル,社会福祉科,3.0,preference,OK,
S00024,社会福祉科,株式会社 T’Sコーポレーショングループ,社会福祉科,1.0,preference,OK,
S00024,社会福祉科,社会福祉法人 ヒューマンライツ福祉協会,社会福祉科,2.0,preference,OK,
S00024,社会福祉科,株式会社 ミック・ジャパン 【ミック健康の森】 【ドラッグミック】 【ローソンドラッグミック】,社会福祉科,3.0,preference,OK,
S00025,社会福祉科,社会医療法人寿栄会 ありまこうげんホスピタル,社会福祉科,1.0,preference,OK,
S00025,社会福祉科,株式会社 シーアイ・パートナーズグループ,社会福祉科,2.0,preference,OK,
S00025,社会福祉科,株式会社 ミック・ジャパン 【ミック健康の森】 【ドラッグミック】 【ローソンドラッグミック】,社会福祉科,3.0,preference,OK,
S00026,社会福祉科,株式会社スバコ・ケア・エンジニアリング,社会福祉科,1.0,preference,OK,
S00026,社会福祉科,一般社団法人 水口病院,社会福祉科,2.0,preference,OK,
S00026,社会福祉科,株式会社 T’Sコーポレーショングループ,社会福祉科,3.0,preference,OK,
S00027,社会福祉科,一般社団法人 水口病院,社会福祉科,1.0,preference,OK,
S00027,社会福祉科,株式会社 絆ホールディングス,社会福祉科,2.0,preference,OK,
S00027,社会福祉科,医療法人 正正会 分野病院,社会福祉科,3.0,preference,OK,
S00028,社会福祉科,株式会社スバコ・ケア・エンジニアリング,社会福祉科,1.0,preference,OK,
S00028,社会福祉科,社会福祉法人 南湖会【障がい児者支援事業】,社会福祉科,2.0,preference,OK,
S00028,社会福祉科,社会福祉法人 聖徳会,社会福祉科,3.0,preference,OK,
S00029,社会福祉科,株式会社 絆ホールディングス,社会福祉科,1.0,preference,OK,
S00029,社会福祉科,社会福祉法人 産経新聞厚生文化事業団,社会福祉科,2.0,preference,OK,
S00029,社会福祉科,医療法人社団 創生会,社会福祉科,3.0,preference,OK,
S00030,社会福祉科,社会福祉法人 聖徳会,社会福祉科,1.0,preference,OK,
S00030,社会福祉科,社会福祉法人 南湖会【障がい児者支援事業】,社会福祉科,2.0,preference,OK,
S00030,社会福祉科,株式会社スバコ・ケア・エンジニアリング,社会福祉科,3.0,preference,OK,
S00031,社会福祉科,社会福祉法人 天心会 小阪病院,社会福祉科,1.0,preference,OK,
S00031,社会福祉科,医療法人 正正会 分野病院,社会福祉科,2.0,preference,OK,
S00031,社会福祉科,株式会社 シーアイ・パートナーズグループ,社会福祉科,3.0,preference,OK,
S00032,社会福祉科,社会福祉法人 天心会 小阪病院,社会福祉科,1.0,preference,OK,
S00032,社会福祉科,児童発達支援・放課後等デイサービスLUMO (株式会社 Gotoschoolグループ募集),社会福祉科,2.0,preference,OK,
S00032,社会福祉科,社会福祉法人 南湖会【障がい児者支援事業】,社会福祉科,3.0,preference,OK,
S00033,社会福祉科,医療法人 恒昭会(藍野病院・藍野花園病院・青葉丘病院),社会福祉科,1.0,preference,OK,
S00033,社会福祉科,社会福祉法人 ヒューマンライツ福祉協会,社会福祉科,2.0,preference,OK,
S00033,社会福祉科,医療法人社団 創生会,社会福祉科,3.0,preference,OK,
S00034,社会福祉科,株式会社 ミック・ジャパン 【ミック健康の森】 【ドラッグミック】 【ローソンドラッグミック】,社会福祉科,1.0,preference,OK,
S00034,社会福祉科,社会福祉法人 ヒューマンライツ福祉協会,社会福祉科,2.0,preference,OK,
S00034,社会福祉科,社会福祉法人 大阪自彊館,社会福祉科,3.0,preference,OK,
S00035,社会福祉科,社会福祉法人 みなと寮 (救護施設・特別養護老人ホーム),社会福祉科,1.0,preference,OK,
S00035,社会福祉科,株式会社 ミック・ジャパン 【ミック健康の森】 【ドラッグミック】 【ローソンドラッグミック】,社会福祉科,2.0,preference,OK,
S00035,社会福祉科,社会福祉法人 ヒューマンライツ福祉協会,社会福祉科,3.0,preference,OK,
S00036,社会福祉科,株式会社スバコ・ケア・エンジニアリング,社会福祉科,1.0,preference,OK,
S00036,社会福祉科,医療法人 恒昭会(藍野病院・藍野花園病院・青葉丘病院),社会福祉科,2.0,preference,OK,
S00036,社会福祉科,株式会社 絆ホールディングス,社会福祉科,3.0,preference,OK,
S00037,社会福祉科,一般社団法人 水口病院,社会福祉科,1.0,preference,OK,
S00037,社会福祉科,社会福祉法人 ヒューマンライツ福祉協会,社会福祉科,2.0,preference,OK,
S00037,社会福祉科,児童発達支援・放課後等デイサービスLUMO (株式会社 Gotoschoolグループ募集),社会福祉科,3.0,preference,OK,
S00038,社会福祉科,株式会社スバコ・ケア・エンジニアリング,社会福祉科,1.0,preference,OK,
S00038,社会福祉科,社会福祉法人 南湖会【障がい児者支援事業】,社会福祉科,2.0,preference,OK,
S00038,社会福祉科,株式会社 ミック・ジャパン 【ミック健康の森】 【ドラッグミック】 【ローソンドラッグミック】,社会福祉科,3.0,preference,OK,
S00039,社会福祉科,株式会社 絆ホールディングス,社会福祉科,1.0,preference,OK,
S00039,社会福祉科,株式会社 T’Sコーポレーショングループ,社会福祉科,2.0,preference,OK,
S00039,社会福祉科,一般社団法人 水口病院,社会福祉科,3.0,preference,OK,
S00040,社会福祉科,社会医療法人寿栄会 ありまこうげんホスピタル,社会福祉科,1.0,preference,OK,
S00040,社会福祉科,医療法人 恒昭会(藍野病院・藍野花園病院・青葉丘病院),社会福祉科,2.0,preference,OK,
S00040,社会福祉科,社会福祉法人 京都府社会福祉事業団,社会福祉科,3.0,preference,OK,
S00041,社会福祉科,医療法人社団 創生会,社会福祉科,1.0,preference,OK,
S00041,社会福祉科,株式会社 絆ホールディングス,社会福祉科,2.0,preference,OK,
S00041,社会福祉科,社会福祉法人 聖徳会,社会福祉科,3.0,preference,OK,
S00042,社会福祉科,児童発達支援・放課後等デイサービスLUMO (株式会社 Gotoschoolグループ募集),社会福祉科,1.0,preference,OK,
S00042,社会福祉科,社会福祉法人 京都府社会福祉事業団,社会福祉科,2.0,preference,OK,
S00042,社会福祉科,社会福祉法人 南湖会【障がい児者支援事業】,社会福祉科,3.0,preference,OK,
S00043,社会福祉科,株式会社 絆ホールディングス,社会福祉科,1.0,preference,OK,
S00043,社会福祉科,公益財団法人 総合病院 浅香山病院,社会福祉科,2.0,preference,OK,
S00043,社会福祉科,児童発達支援・放課後等デイサービスLUMO (株式会社 Gotoschoolグループ募集),社会福祉科,3.0,preference,OK,
S00044,社会福祉科,社会医療法人寿栄会 ありまこうげんホスピタル,社会福祉科,1.0,preference,OK,
S00044,社会福祉科,社会福祉法人 大阪自彊館,社会福祉科,2.0,preference,OK,
S00044,社会福祉科,社会福祉法人 天心会 小阪病院,社会福祉科,3.0,preference,OK,
S00045,社会福祉科,社会医療法人寿栄会 ありまこうげんホスピタル,社会福祉科,1.0,preference,OK,
S00045,社会福祉科,医療法人 正正会 分野病院,社会福祉科,2.0,preference,OK,
S00045,社会福祉科,社会福祉法人 天心会 小阪病院,社会福祉科,3.0,preference,OK,
S00046,社会福祉科,社会福祉法人 聖徳会,社会福祉科,1.0,preference,OK,
S00046,社会福祉科,社会福祉法人 ヒューマンライツ福祉協会,社会福祉科,2.0,preference,OK,
S00046,社会福祉科,社会医療法人寿栄会 ありまこうげんホスピタル,社会福祉科,3.0,preference,OK,
S00047,社会福祉科,社会福祉法人 南湖会【障がい児者支援事業】,社会福祉科,1.0,preference,OK,
S00047,社会福祉科,医療法人社団 創生会,社会福祉科,2.0,preference,OK,
S00047,社会福祉科,株式会社 シーアイ・パートナーズグループ,社会福祉科,3.0,preference,OK,
S00048,社会福祉科,株式会社スバコ・ケア・エンジニアリング,社会福祉科,1.0,preference,OK,
S00048,社会福祉科,社会福祉法人 南湖会【障がい児者支援事業】,社会福祉科,2.0,preference,OK,
S00048,社会福祉科,社会福祉法人 ヒューマンライツ福祉協会,社会福祉科,3.0,preference,OK,
S00049,社会福祉科,株式会社 シーアイ・パートナーズグループ,社会福祉科,1.0,preference,OK,
S00049,社会福祉科,社会医療法人寿栄会 ありまこうげんホスピタル,社会福祉科,2.0,preference,OK,
S00049,社会福祉科,社会福祉法人 産経新聞厚生文化事業団,社会福祉科,3.0,preference,OK,
S00050,社会福祉科,医療法人 恒昭会(藍野病院・藍野花園病院・青葉丘病院),社会福祉科,1.0,preference,OK,
S00050,社会福祉科,株式会社 T’Sコーポレーショングループ,社会福祉科,2.0,preference,OK,
S00050,社会福祉科,社会福祉法人 みなと寮 (救護施設・特別養護老人ホーム),社会福祉科,3.0,preference,OK,
S00051,社会福祉科,一般社団法人 水口病院,社会福祉科,1.0,preference,OK,
S00051,社会福祉科,株式会社 絆ホールディングス,社会福祉科,2.0,preference,OK,
S00051,社会福祉科,医療法人 恒昭会(藍野病院・藍野花園病院・青葉丘病院),社会福祉科,3.0,preference,OK,
S00052,社会福祉科,株式会社 ミック・ジャパン 【ミック健康の森】 【ドラッグミック】 【ローソンドラッグミック】,社会福祉科,1.0,preference,OK,
S00052,社会福祉科,児童発達支援・放課後等デイサービスLUMO (株式会社 Gotoschoolグループ募集),社会福祉科,2.0,preference,OK,
S00052,社会福祉科,社会福祉法人 聖徳会,社会福祉科,3.0,preference,OK,
S00053,社会福祉科,医療法人社団 創生会,社会福祉科,1.0,preference,OK,
S00053,社会福祉科,社会医療法人寿栄会 ありまこうげんホスピタル,社会福祉科,2.0,preference,OK,
S00053,社会福祉科,株式会社 ミック・ジャパン 【ミック健康の森】 【ドラッグミック】 【ローソンドラッグミック】,社会福祉科,3.0,preference,OK,
S00054,社会福祉科,社会福祉法人 ヒューマンライツ福祉協会,社会福祉科,1.0,preference,OK,
S00054,社会福祉科,株式会社 絆ホールディングス,社会福祉科,2.0,preference,OK,
S00054,社会福祉科,医療法人社団 創生会,社会福祉科,3.0,preference,OK,
S00055,社会福祉科,一般社団法人 水口病院,社会福祉科,1.0,preference,OK,
S00055,社会福祉科,社会福祉法人 南湖会【障がい児者支援事業】,社会福祉科,2.0,preference,OK,
S00055,社会福祉科,社会福祉法人 ヒューマンライツ福祉協会,社会福祉科,3.0,preference,OK,
S00056,社会福祉科,社会福祉法人 聖徳会,社会福祉科,1.0,preference,OK,
S00056,社会福祉科,医療法人 恒昭会(藍野病院・藍野花園病院・青葉丘病院),社会福祉科,2.0,preference,OK,
S00056,社会福祉科,医療法人社団 創生会,社会福祉科,3.0,preference,OK,
S00057,社会福祉科,医療法人 恒昭会(藍野病院・藍野花園病院・青葉丘病院),社会福祉科,1.0,preference,OK,
S00057,社会福祉科,株式会社 T’Sコーポレーショングループ,社会福祉科,2.0,preference,OK,
S00057,社会福祉科,医療法人 正正会 分野病院,社会福祉科,3.0,preference,OK,
S00058,社会福祉科,医療法人 恒昭会(藍野病院・藍野花園病院・青葉丘病院),社会福祉科,1.0,preference,OK,
S00058,社会福祉科,社会福祉法人 大阪自彊館,社会福祉科,2.0,preference,OK,
S00058,社会福祉科,一般社団法人 水口病院,社会福祉科,3.0,preference,OK,
S00059,社会福祉科,公益財団法人 総合病院 浅香山病院,社会福祉科,1.0,preference,OK,
S00059,社会福祉科,児童発達支援・放課後等デイサービスLUMO (株式会社 Gotoschoolグループ募集),社会福祉科,2.0,preference,OK,
S00059,社会福祉科,社会福祉法人 産経新聞厚生文化事業団,社会福祉科,3.0,preference,OK,
S00060,社会福祉科,医療法人 恒昭会(藍野病院・藍野花園病院・青葉丘病院),社会福祉科,1.0,preference,OK,
S00060,社会福祉科,社会福祉法人 みなと寮 (救護施設・特別養護老人ホーム),社会福祉科,2.0,preference,OK,
S00060,社会福祉科,社会福祉法人 南湖会【障がい児者支援事業】,社会福祉科,3.0,preference,OK,
S00061,社会福祉科,社会福祉法人 大阪自彊館,社会福祉科,1.0,preference,OK,
S00061,社会福祉科,社会福祉法人 産経新聞厚生文化事業団,社会福祉科,2.0,preference,OK,
S00061,社会福祉科,社会福祉法人 ヒューマンライツ福祉協会,社会福祉科,3.0,preference,OK,
S00062,社会福祉科,社会福祉法人 大阪自彊館,社会福祉科,1.0,preference,OK,
S00062,社会福祉科,株式会社スバコ・ケア・エンジニアリング,社会福祉科,2.0,preference,OK,
S00062,社会福祉科,株式会社 T’Sコーポレーショングループ,社会福祉科,3.0,preference,OK,
S00063,社会福祉科,社会福祉法人 聖徳会,社会福祉科,1.0,preference,OK,
S00063,社会福祉科,株式会社 T’Sコーポレーショングループ,社会福祉科,2.0,preference,OK,
S00063,社会福祉科,公益財団法人 総合病院 浅香山病院,社会福祉科,3.0,preference,OK,
S00064,社会福祉科,医療法人社団 創生会,社会福祉科,1.0,preference,OK,
S00064,社会福祉科,医療法人 恒昭会(藍野病院・藍野花園病院・青葉丘病院),社会福祉科,2.0,preference,OK,
S00064,社会福祉科,株式会社スバコ・ケア・エンジニアリング,社会福祉科,3.0,preference,OK,
S00065,社会福祉科,社会福祉法人 ヒューマンライツ福祉協会,社会福祉科,1.0,preference,OK,
S00065,社会福祉科,公益財団法人 総合病院 浅香山病院,社会福祉科,2.0,preference,OK,
S00065,社会福祉科,児童発達支援・放課後等デイサービスLUMO (株式会社 Gotoschoolグループ募集),社会福祉科,3.0,preference,OK,
S00066,社会福祉科,医療法人 恒昭会(藍野病院・藍野花園病院・青葉丘病院),社会福祉科,1.0,preference,OK,
S00066,社会福祉科,医療法人 正正会 分野病院,社会福祉科,2.0,preference,OK,
S00066,社会福祉科,社会福祉法人 南湖会【障がい児者支援事業】,社会福祉科,3.0,preference,OK,
S00067,社会福祉科,医療法人 恒昭会(藍野病院・藍野花園病院・青葉丘病院),社会福祉科,1.0,preference,OK,
S00067,社会福祉科,一般社団法人 水口病院,社会福祉科,2.0,preference,OK,
S00067,社会福祉科,社会医療法人寿栄会 ありまこうげんホスピタル,社会福祉科,3.0,preference,OK,
S00068,社会福祉科,社会医療法人寿栄会 ありまこうげんホスピタル,社会福祉科,1.0,preference,OK,
S00068,社会福祉科,社会福祉法人 南湖会【障がい児者支援事業】,社会福祉科,2.0,preference,OK,
S00068,社会福祉科,株式会社 ミック・ジャパン 【ミック健康の森】 【ドラッグミック】 【ローソンドラッグミック】,社会福祉科,3.0,preference,OK,
S00069,社会福祉科,株式会社 T’Sコーポレーショングループ,社会福祉科,1.0,preference,OK,
S00069,社会福祉科,社会福祉法人 大阪自彊館,社会福祉科,2.0,preference,OK,
S00069,社会福祉科,株式会社 ミック・ジャパン 【ミック健康の森】 【ドラッグミック】 【ローソンドラッグミック】,社会福祉科,3.0,preference,OK,
S00070,社会福祉科,社会福祉法人 京都府社会福祉事業団,社会福祉科,1.0,preference,OK,
S00070,社会福祉科,社会福祉法人 ヒューマンライツ福祉協会,社会福祉科,2.0,preference,OK,
S00070,社会福祉科,社会福祉法人 産経新聞厚生文化事業団,社会福祉科,3.0,preference,OK,
S00071,社会福祉科,児童発達支援・放課後等デイサービスLUMO (株式会社 Gotoschoolグループ募集),社会福祉科,1.0,preference,OK,
S00071,社会福祉科,株式会社 絆ホールディングス,社会福祉科,2.0,preference,OK,
S00071,社会福祉科,株式会社 T’Sコーポレーショングループ,社会福祉科,3.0,preference,OK,
S00072,社会福祉科,医療法人 恒昭会(藍野病院・藍野花園病院・青葉丘病院),社会福祉科,1.0,preference,OK,
S00072,社会福祉科,社会福祉法人 京都府社会福祉事業団,社会福祉科,2.0,preference,OK,
S00072,社会福祉科,社会福祉法人 ヒューマンライツ福祉協会,社会福祉科,3.0,preference,OK,
S00073,社会福祉科,社会福祉法人 聖徳会,社会福祉科,1.0,preference,OK,
S00073,社会福祉科,株式会社スバコ・ケア・エンジニアリング,社会福祉科,2.0,preference,OK,
S00073,社会福祉科,社会福祉法人 京都府社会福祉事業団,社会福祉科,3.0,preference,OK,
S00074,社会福祉科,医療法人 恒昭会(藍野病院・藍野花園病院・青葉丘病院),社会福祉科,1.0,preference,OK,
S00074,社会福祉科,児童発達支援・放課後等デイサービスLUMO (株式会社 Gotoschoolグループ募集),社会福祉科,2.0,preference,OK,
S00074,社会福祉科,株式会社スバコ・ケア・エンジニアリング,社会福祉科,3.0,preference,OK,
S00075,社会福祉科,社会福祉法人 ヒューマンライツ福祉協会,社会福祉科,1.0,preference,OK,
S00075,社会福祉科,株式会社スバコ・ケア・エンジニアリング,社会福祉科,2.0,preference,OK,
S00075,社会福祉科,社会福祉法人 南湖会【障がい児者支援事業】,社会福祉科,3.0,preference,OK,
S00076,社会福祉科,株式会社 ミック・ジャパン 【ミック健康の森】 【ドラッグミック】 【ローソンドラッグミック】,社会福祉科,1.0,preference,OK,
S00076,社会福祉科,社会福祉法人 大阪自彊館,社会福祉科,2.0,preference,OK,
S00076,社会福祉科,社会福祉法人 天心会 小阪病院,社会福祉科,3.0,preference,OK,
S00077,社会福祉科,株式会社 絆ホールディングス,社会福祉科,1.0,preference,OK,
S00077,社会福祉科,公益財団法人 総合病院 浅香山病院,社会福祉科,2.0,preference,OK,
S00077,社会福祉科,社会福祉法人 産経新聞厚生文化事業団,社会福祉科,3.0,preference,OK,
S00078,社会福祉科,公益財団法人 総合病院 浅香山病院,社会福祉科,1.0,preference,OK,
S00078,社会福祉科,一般社団法人 水口病院,社会福祉科,2.0,preference,OK,
S00078,社会福祉科,児童発達支援・放課後等デイサービスLUMO (株式会社 Gotoschoolグループ募集),社会福祉科,3.0,preference,OK,
S00079,社会福祉科,医療法人 正正会 分野病院,社会福祉科,1.0,preference,OK,
S00079,社会福祉科,医療法人社団 創生会,社会福祉科,2.0,preference,OK,
S00079,社会福祉科,社会福祉法人 産経新聞厚生文化事業団,社会福祉科,3.0,preference,OK,
S00080,社会福祉科,公益財団法人 総合病院 浅香山病院,社会福祉科,1.0,preference,OK,
S00080,社会福祉科,株式会社 T’Sコーポレーショングループ,社会福祉科,2.0,preference,OK,
S00080,社会福祉科,社会福祉法人 産経新聞厚生文化事業団,社会福祉科,3.0,preference,OK,
S00081,社会福祉科,社会福祉法人 聖徳会,社会福祉科,1.0,preference,OK,
S00081,社会福祉科,社会福祉法人 大阪自彊館,社会福祉科,2.0,preference,OK,
S00081,社会福祉科,株式会社 ミック・ジャパン 【ミック健康の森】 【ドラッグミック】 【ローソンドラッグミック】,社会福祉科,3.0,preference,OK,
S00082,社会福祉科,社会福祉法人 みなと寮 (救護施設・特別養護老人ホーム),社会福祉科,1.0,preference,OK,
S00082,社会福祉科,社会福祉法人 大阪自彊館,社会福祉科,2.0,preference,OK,
S00082,社会福祉科,一般社団法人 水口病院,社会福祉科,3.0,preference,OK,
S00083,社会福祉科,社会福祉法人 大阪自彊館,社会福祉科,1.0,preference,OK,
S00083,社会福祉科,株式会社 絆ホールディングス,社会福祉科,2.0,preference,OK,
S00083,社会福祉科,児童発達支援・放課後等デイサービスLUMO (株式会社 Gotoschoolグループ募集),社会福祉科,3.0,preference,OK,
S00084,社会福祉科,株式会社 T’Sコーポレーショングループ,社会福祉科,1.0,preference,OK,
S00084,社会福祉科,児童発達支援・放課後等デイサービスLUMO (株式会社 Gotoschoolグループ募集),社会福祉科,2.0,preference,OK,
S00084,社会福祉科,社会福祉法人 天心会 小阪病院,社会福祉科,3.0,preference,OK,
S00085,社会福祉科,児童発達支援・放課後等デイサービスLUMO (株式会社 Gotoschoolグループ募集),社会福祉科,1.0,preference,OK,
S00085,社会福祉科,社会福祉法人 産経新聞厚生文化事業団,社会福祉科,2.0,preference,OK,
S00085,社会福祉科,社会福祉法人 大阪自彊館,社会福祉科,3.0,preference,OK,
S00086,社会福祉科,医療法人 正正会 分野病院,社会福祉科,1.0,preference,OK,
S00086,社会福祉科,児童発達支援・放課後等デイサービスLUMO (株式会社 Gotoschoolグループ募集),社会福祉科,2.0,preference,OK,
S00086,社会福祉科,医療法人社団 創生会,社会福祉科,3.0,preference,OK,
S00087,社会福祉科,児童発達支援・放課後等デイサービスLUMO (株式会社 Gotoschoolグループ募集),社会福祉科,1.0,preference,OK,
S00087,社会福祉科,医療法人 正正会 分野病院,社会福祉科,2.0,preference,OK,
S00087,社会福祉科,社会福祉法人 天心会 小阪病院,社会福祉科,3.0,preference,OK,
S00088,社会福祉科,社会福祉法人 聖徳会,社会福祉科,1.0,preference,OK,
S00088,社会福祉科,株式会社 T’Sコーポレーショングループ,社会福祉科,2.0,preference,OK,
S00088,社会福祉科,一般社団法人 水口病院,社会福祉科,3.0,preference,OK,
S00089,社会福祉科,株式会社 ミック・ジャパン 【ミック健康の森】 【ドラッグミック】 【ローソンドラッグミック】,社会福祉科,1.0,preference,OK,
S00089,社会福祉科,株式会社 絆ホールディングス,社会福祉科,2.0,preference,OK,
S00089,社会福祉科,医療法人 正正会 分野病院,社会福祉科,3.0,preference,OK,
S00090,社会福祉科,株式会社 ミック・ジャパン 【ミック健康の森】 【ドラッグミック】 【ローソンドラッグミック】,社会福祉科,1.0,preference,OK,
S00090,社会福祉科,社会福祉法人 京都府社会福祉事業団,社会福祉科,2.0,preference,OK,
S00090,社会福祉科,児童発達支援・放課後等デイサービスLUMO (株式会社 Gotoschoolグループ募集),社会福祉科,3.0,preference,OK,
S00091,社会福祉科,社会福祉法人 京都府社会福祉事業団,社会福祉科,1.0,preference,OK,
S00091,社会福祉科,社会福祉法人 天心会 小阪病院,社会福祉科,2.0,preference,OK,
S00091,社会福祉科,社会福祉法人 ヒューマンライツ福祉協会,社会福祉科,3.0,preference,OK,
S00092,社会福祉科,児童発達支援・放課後等デイサービスLUMO (株式会社 Gotoschoolグループ募集),社会福祉科,1.0,preference,OK,
S00092,社会福祉科,一般社団法人 水口病院,社会福祉科,2.0,preference,OK,
S00092,社会福祉科,社会福祉法人 京都府社会福祉事業団,社会福祉科,3.0,preference,OK,
S00093,社会福祉科,社会福祉法人 ヒューマンライツ福祉協会,社会福祉科,1.0,preference,OK,
S00093,社会福祉科,社会福祉法人 聖徳会,社会福祉科,2.0,preference,OK,
S00093,社会福祉科,医療法人 恒昭会(藍野病院・藍野花園病院・青葉丘病院),社会福祉科,3.0,preference,OK,
S00094,社会福祉科,医療法人社団 創生会,社会福祉科,1.0,preference,OK,
S00094,社会福祉科,株式会社 T’Sコーポレーショングループ,社会福祉科,2.0,preference,OK,
S00094,社会福祉科,社会福祉法人 大阪自彊館,社会福祉科,3.0,preference,OK,
S00095,社会福祉科,社会福祉法人 みなと寮 (救護施設・特別養護老人ホーム),社会福祉科,1.0,preference,OK,
S00095,社会福祉科,社会福祉法人 天心会 小阪病院,社会福祉科,2.0,preference,OK,
S00095,社会福祉科,公益財団法人 総合病院 浅香山病院,社会福祉科,3.0,preference,OK,
S00096,社会福祉科,児童発達支援・放課後等デイサービスLUMO (株式会社 Gotoschoolグループ募集),社会福祉科,1.0,preference,OK,
S00096,社会福祉科,社会福祉法人 大阪自彊館,社会福祉科,2.0,preference,OK,
S00096,社会福祉科,株式会社 ミック・ジャパン 【ミック健康の森】 【ドラッグミック】 【ローソンドラッグミック】,社会福祉科,3.0,preference,OK,
S00097,社会福祉科,社会福祉法人 天心会 小阪病院,社会福祉科,1.0,preference,OK,
S00097,社会福祉科,社会福祉法人 大阪自彊館,社会福祉科,2.0,preference,OK,
S00097,社会福祉科,社会福祉法人 南湖会【障がい児者支援事業】,社会福祉科,3.0,preference,OK,
S00098,社会福祉科,社会福祉法人 京都府社会福祉事業団,社会福祉科,1.0,preference,OK,
S00098,社会福祉科,公益財団法人 総合病院 浅香山病院,社会福祉科,2.0,preference,OK,
S00098,社会福祉科,株式会社 ミック・ジャパン 【ミック健康の森】 【ドラッグミック】 【ローソンドラッグミック】,社会福祉科,3.0,preference,OK,
S00099,社会福祉科,社会福祉法人 京都府社会福祉事業団,社会福祉科,1.0,preference,OK,
S00099,社会福祉科,社会福祉法人 大阪自彊館,社会福祉科,2.0,preference,OK,
S00099,社会福祉科,社会福祉法人 聖徳会,社会福祉科,3.0,preference,OK,
S00100,社会福祉科,社会福祉法人 南湖会【障がい児者支援事業】,社会福祉科,1.0,preference,OK,
S00100,社会福祉科,株式会社 絆ホールディングス,社会福祉科,2.0,preference,OK,
S00100,社会福祉科,社会福祉法人 京都府社会福祉事業団,社会福祉科,3.0,preference,OK,
S00101,社会福祉科,社会福祉法人 みなと寮 (救護施設・特別養護老人ホーム),社会福祉科,1.0,preference,OK,
S00101,社会福祉科,株式会社 絆ホールディングス,社会福祉科,2.0,preference,OK,
S00101,社会福祉科,社会福祉法人 天心会 小阪病院,社会福祉科,3.0,preference,OK,
S00102,社会福祉科,社会福祉法人 聖徳会,社会福祉科,1.0,preference,OK,
S00102,社会福祉科,医療法人 正正会 分野病院,社会福祉科,2.0,preference,OK,
S00102,社会福祉科,社会福祉法人 南湖会【障がい児者支援事業】,社会福祉科,3.0,preference,OK,
S00103,社会福祉科,社会福祉法人 産経新聞厚生文化事業団,社会福祉科,1.0,preference,OK,
S00103,社会福祉科,医療法人 恒昭会(藍野病院・藍野花園病院・青葉丘病院),社会福祉科,2.0,preference,OK,
S00103,社会福祉科,社会福祉法人 天心会 小阪病院,社会福祉科,3.0,preference,OK,
S00104,社会福祉科,児童発達支援・放課後等デイサービスLUMO (株式会社 Gotoschoolグループ募集),社会福祉科,1.0,preference,OK,
S00104,社会福祉科,公益財団法人 総合病院 浅香山病院,社会福祉科,2.0,preference,OK,
S00104,社会福祉科,社会福祉法人 産経新聞厚生文化事業団,社会福祉科,3.0,preference,OK,
S00105,社会福祉科,株式会社 ミック・ジャパン 【ミック健康の森】 【ドラッグミック】 【ローソンドラッグミック】,社会福祉科,1.0,preference,OK,
S00105,社会福祉科,株式会社 絆ホールディングス,社会福祉科,2.0,preference,OK,
S00105,社会福祉科,一般社団法人 水口病院,社会福祉科,3.0,preference,OK,
S00106,社会福祉科,株式会社 絆ホールディングス,社会福祉科,1.0,preference,OK,
S00106,社会福祉科,社会福祉法人 京都府社会福祉事業団,社会福祉科,2.0,preference,OK,
S00106,社会福祉科,医療法人 正正会 分野病院,社会福祉科,3.0,preference,OK,
S00107,社会福祉科,社会福祉法人 京都府社会福祉事業団,社会福祉科,1.0,preference,OK,
S00107,社会福祉科,株式会社 T’Sコーポレーショングループ,社会福祉科,2.0,preference,OK,
S00107,社会福祉科,社会福祉法人 天心会 小阪病院,社会福祉科,3.0,preference,OK,
S00108,社会福祉科,社会福祉法人 ヒューマンライツ福祉協会,社会福祉科,1.0,preference,OK,
S00108,社会福祉科,一般社団法人 水口病院,社会福祉科,2.0,preference,OK,
S00108,社会福祉科,医療法人 恒昭会(藍野病院・藍野花園病院・青葉丘病院),社会福祉科,3.0,preference,OK,
S00109,社会福祉科,株式会社 T’Sコーポレーショングループ,社会福祉科,1.0,preference,OK,
S00109,社会福祉科,一般社団法人 水口病院,社会福祉科,2.0,preference,OK,
S00109,社会福祉科,株式会社 絆ホールディングス,社会福祉科,3.0,preference,OK,
S00110,社会福祉科,株式会社 ミック・ジャパン 【ミック健康の森】 【ドラッグミック】 【ローソンドラッグミック】,社会福祉科,1.0,preference,OK,
S00110,社会福祉科,社会福祉法人 天心会 小阪病院,社会福祉科,2.0,preference,OK,
S00110,社会福祉科,医療法人社団 創生会,社会福祉科,3.0,preference,OK,
S00111,社会福祉科,社会福祉法人 聖徳会,社会福祉科,1.0,preference,OK,
S00111,社会福祉科,社会福祉法人 南湖会【障がい児者支援事業】,社会福祉科,2.0,preference,OK,
S00111,社会福祉科,株式会社 T’Sコーポレーショングループ,社会福祉科,3.0,preference,OK,
S00112,社会福祉科,社会福祉法人 京都府社会福祉事業団,社会福祉科,1.0,preference,OK,
S00112,社会福祉科,社会福祉法人 南湖会【障がい児者支援事業】,社会福祉科,2.0,preference,OK,
S00112,社会福祉科,株式会社 T’Sコーポレーショングループ,社会福祉科,3.0,preference,OK,
S00113,社会福祉科,社会福祉法人 大阪自彊館,社会福祉科,1.0,preference,OK,
S00113,社会福祉科,株式会社 シーアイ・パートナーズグループ,社会福祉科,2.0,preference,OK,
S00113,社会福祉科,社会福祉法人 南湖会【障がい児者支援事業】,社会福祉科,3.0,preference,OK,
S00114,社会福祉科,社会福祉法人 南湖会【障がい児者支援事業】,社会福祉科,1.0,preference,OK,
S00114,社会福祉科,医療法人 正正会 分野病院,社会福祉科,2.0,preference,OK,
S00114,社会福祉科,社会福祉法人 ヒューマンライツ福祉協会,社会福祉科,3.0,preference,OK,
S00115,社会福祉科,社会医療法人寿栄会 ありまこうげんホスピタル,社会福祉科,1.0,preference,OK,
S00115,社会福祉科,社会福祉法人 ヒューマンライツ福祉協会,社会福祉科,2.0,preference,OK,
S00115,社会福祉科,児童発達支援・放課後等デイサービスLUMO (株式会社 Gotoschoolグループ募集),社会福祉科,3.0,preference,OK,
S00116,社会福祉科,児童発達支援・放課後等デイサービスLUMO (株式会社 Gotoschoolグループ募集),社会福祉科,1.0,preference,OK,
S00116,社会福祉科,社会福祉法人 聖徳会,社会福祉科,2.0,preference,OK,
S00116,社会福祉科,医療法人 恒昭会(藍野病院・藍野花園病院・青葉丘病院),社会福祉科,3.0,preference,OK,
S00117,社会福祉科,医療法人 恒昭会(藍野病院・藍野花園病院・青葉丘病院),社会福祉科,1.0,preference,OK,
S00117,社会福祉科,児童発達支援・放課後等デイサービスLUMO (株式会社 Gotoschoolグループ募集),社会福祉科,2.0,preference,OK,
S00117,社会福祉科,社会福祉法人 みなと寮 (救護施設・特別養護老人ホーム),社会福祉科,3.0,preference,OK,
S00118,社会福祉科,株式会社 絆ホールディングス,社会福祉科,1.0,preference,OK,
S00118,社会福祉科,一般社団法人 水口病院,社会福祉科,2.0,preference,OK,
S00118,社会福祉科,株式会社 シーアイ・パートナーズグループ,社会福祉科,3.0,preference,OK,
S00119,社会福祉科,医療法人 恒昭会(藍野病院・藍野花園病院・青葉丘病院),社会福祉科,1.0,preference,OK,
S00119,社会福祉科,公益財団法人 総合病院 浅香山病院,社会福祉科,2.0,preference,OK,
S00119,社会福祉科,社会福祉法人 産経新聞厚生文化事業団,社会福祉科,3.0,preference,OK,
S00120,社会福祉科,株式会社 ミック・ジャパン 【ミック健康の森】 【ドラッグミック】 【ローソンドラッグミック】,社会福祉科,1.0,preference,OK,
S00120,社会福祉科,公益財団法人 総合病院 浅香山病院,社会福祉科,2.0,preference,OK,
S00120,社会福祉科,社会福祉法人 聖徳会,社会福祉科,3.0,preference,OK,
S00121,社会福祉科,社会福祉法人 天心会 小阪病院,社会福祉科,1.0,preference,OK,
S00121,社会福祉科,児童発達支援・放課後等デイサービスLUMO (株式会社 Gotoschoolグループ募集),社会福祉科,2.0,preference,OK,
S00121,社会福祉科,医療法人 正正会 分野病院,社会福祉科,3.0,preference,OK,
S00122,社会福祉科,社会福祉法人 ヒューマンライツ福祉協会,社会福祉科,1.0,preference,OK,
S00122,社会福祉科,社会福祉法人 京都府社会福祉事業団,社会福祉科,2.0,preference,OK,
S00122,社会福祉科,社会福祉法人 産経新聞厚生文化事業団,社会福祉科,3.0,preference,OK,
S00123,社会福祉科,公益財団法人 総合病院 浅香山病院,社会福祉科,1.0,preference,OK,
S00123,社会福祉科,社会福祉法人 京都府社会福祉事業団,社会福祉科,2.0,preference,OK,
S00123,社会福祉科,社会福祉法人 産経新聞厚生文化事業団,社会福祉科,3.0,preference,OK,
S00124,社会福祉科,社会福祉法人 みなと寮 (救護施設・特別養護老人ホーム),社会福祉科,1.0,preference,OK,
S00124,社会福祉科,株式会社 絆ホールディングス,社会福祉科,2.0,preference,OK,
S00124,社会福祉科,株式会社スバコ・ケア・エンジニアリング,社会福祉科,3.0,preference,OK,
S00125,社会福祉科,社会福祉法人 聖徳会,社会福祉科,1.0,preference,OK,
S00125,社会福祉科,公益財団法人 総合病院 浅香山病院,社会福祉科,2.0,preference,OK,
S00125,社会福祉科,株式会社 シーアイ・パートナーズグループ,社会福祉科,3.0,preference,OK,
S00126,社会福祉科,社会福祉法人 京都府社会福祉事業団,社会福祉科,1.0,preference,OK,
S00126,社会福祉科,社会医療法人寿栄会 ありまこうげんホスピタル,社会福祉科,2.0,preference,OK,
S00126,社会福祉科,公益財団法人 総合病院 浅香山病院,社会福祉科,3.0,preference,OK,
S00127,社会福祉科,株式会社 絆ホールディングス,社会福祉科,1.0,preference,OK,
S00127,社会福祉科,社会医療法人寿栄会 ありまこうげんホスピタル,社会福祉科,2.0,preference,OK,
S00127,社会福祉科,株式会社 ミック・ジャパン 【ミック健康の森】 【ドラッグミック】 【ローソンドラッグミック】,社会福祉科,3.0,preference,OK,
S00128,社会福祉科,社会医療法人寿栄会 ありまこうげんホスピタル,社会福祉科,1.0,preference,OK,
S00128,社会福祉科,社会福祉法人 ヒューマンライツ福祉協会,社会福祉科,2.0,preference,OK,
S00128,社会福祉科,社会福祉法人 聖徳会,社会福祉科,3.0,preference,OK,
S00129,社会福祉科,株式会社スバコ・ケア・エンジニアリング,社会福祉科,1.0,preference,OK,
S00129,社会福祉科,社会医療法人寿栄会 ありまこうげんホスピタル,社会福祉科,2.0,preference,OK,
S00129,社会福祉科,児童発達支援・放課後等デイサービスLUMO (株式会社 Gotoschoolグループ募集),社会福祉科,3.0,preference,OK,
S00130,社会福祉科,社会福祉法人 ヒューマンライツ福祉協会,社会福祉科,1.0,preference,OK,
S00130,社会福祉科,社会福祉法人 天心会 小阪病院,社会福祉科,2.0,preference,OK,
S00130,社会福祉科,株式会社スバコ・ケア・エンジニアリング,社会福祉科,3.0,preference,OK,
S00131,社会福祉科,株式会社 絆ホールディングス,社会福祉科,1.0,preference,OK,
S00131,社会福祉科,社会福祉法人 京都府社会福祉事業団,社会福祉科,2.0,preference,OK,
S00131,社会福祉科,社会医療法人寿栄会 ありまこうげんホスピタル,社会福祉科,3.0,preference,OK,
S00132,社会福祉科,医療法人社団 創生会,社会福祉科,1.0,preference,OK,
S00132,社会福祉科,社会福祉法人 産経新聞厚生文化事業団,社会福祉科,2.0,preference,OK,
S00132,社会福祉科,児童発達支援・放課後等デイサービスLUMO (株式会社 Gotoschoolグループ募集),社会福祉科,3.0,preference,OK,
S00133,社会福祉科,社会医療法人寿栄会 ありまこうげんホスピタル,社会福祉科,1.0,preference,OK,
S00133,社会福祉科,社会福祉法人 大阪自彊館,社会福祉科,2.0,preference,OK,
S00133,社会福祉科,医療法人 正正会 分野病院,社会福祉科,3.0,preference,OK,
S00134,社会福祉科,社会福祉法人 みなと寮 (救護施設・特別養護老人ホーム),社会福祉科,1.0,preference,OK,
S00134,社会福祉科,社会福祉法人 南湖会【障がい児者支援事業】,社会福祉科,2.0,preference,OK,
S00134,社会福祉科,医療法人 恒昭会(藍野病院・藍野花園病院・青葉丘病院),社会福祉科,3.0,preference,OK,
S00135,社会福祉科,医療法人 恒昭会(藍野病院・藍野花園病院・青葉丘病院),社会福祉科,1.0,preference,OK,
S00135,社会福祉科,社会福祉法人 聖徳会,社会福祉科,2.0,preference,OK,
S00135,社会福祉科,株式会社 シーアイ・パートナーズグループ,社会福祉科,3.0,preference,OK,
S00136,社会福祉科,社会福祉法人 ヒューマンライツ福祉協会,社会福祉科,1.0,preference,OK,
S00136,社会福祉科,社会福祉法人 京都府社会福祉事業団,社会福祉科,2.0,preference,OK,
S00136,社会福祉科,社会福祉法人 産経新聞厚生文化事業団,社会福祉科,3.0,preference,OK,
S00137,社会福祉科,医療法人社団 創生会,社会福祉科,1.0,preference,OK,
S00137,社会福祉科,株式会社 シーアイ・パートナーズグループ,社会福祉科,2.0,preference,OK,
S00137,社会福祉科,社会福祉法人 みなと寮 (救護施設・特別養護老人ホーム),社会福祉科,3.0,preference,OK,
S00138,社会福祉科,社会福祉法人 みなと寮 (救護施設・特別養護老人ホーム),社会福祉科,1.0,preference,OK,
S00138,社会福祉科,株式会社 ミック・ジャパン 【ミック健康の森】 【ドラッグミック】 【ローソンドラッグミック】,社会福祉科,2.0,preference,OK,
S00138,社会福祉科,社会福祉法人 京都府社会福祉事業団,社会福祉科,3.0,preference,OK,
S00139,社会福祉科,社会福祉法人 ヒューマンライツ福祉協会,社会福祉科,1.0,preference,OK,
S00139,社会福祉科,社会福祉法人 天心会 小阪病院,社会福祉科,2.0,preference,OK,
S00139,社会福祉科,株式会社 シーアイ・パートナーズグループ,社会福祉科,3.0,preference,OK,
S00140,社会福祉科,医療法人社団 創生会,社会福祉科,1.0,preference,OK,
S00140,社会福祉科,医療法人 恒昭会(藍野病院・藍野花園病院・青葉丘病院),社会福祉科,2.0,preference,OK,
S00140,社会福祉科,社会福祉法人 京都府社会福祉事業団,社会福祉科,3.0,preference,OK,
S00141,社会福祉科,社会福祉法人 みなと寮 (救護施設・特別養護老人ホーム),社会福祉科,1.0,preference,OK,
S00141,社会福祉科,株式会社 シーアイ・パートナーズグループ,社会福祉科,2.0,preference,OK,
S00141,社会福祉科,児童発達支援・放課後等デイサービスLUMO (株式会社 Gotoschoolグループ募集),社会福祉科,3.0,preference,OK,
S00142,社会福祉科,医療法人 正正会 分野病院,社会福祉科,1.0,preference,OK,
S00142,社会福祉科,株式会社 T’Sコーポレーショングループ,社会福祉科,2.0,preference,OK,
S00142,社会福祉科,一般社団法人 水口病院,社会福祉科,3.0,preference,OK,
S00143,社会福祉科,公益財団法人 総合病院 浅香山病院,社会福祉科,1.0,preference,OK,
S00143,社会福祉科,株式会社 T’Sコーポレーショングループ,社会福祉科,2.0,preference,OK,
S00143,社会福祉科,株式会社スバコ・ケア・エンジニアリング,社会福祉科,3.0,preference,OK,
S00144,社会福祉科,社会福祉法人 京都府社会福祉事業団,社会福祉科,1.0,preference,OK,
S00144,社会福祉科,公益財団法人 総合病院 浅香山病院,社会福祉科,2.0,preference,OK,
S00144,社会福祉科,社会福祉法人 大阪自彊館,社会福祉科,3.0,preference,OK,
S00145,社会福祉科,公益財団法人 総合病院 浅香山病院,社会福祉科,1.0,preference,OK,
S00145,社会福祉科,社会福祉法人 南湖会【障がい児者支援事業】,社会福祉科,2.0,preference,OK,
S00145,社会福祉科,株式会社スバコ・ケア・エンジニアリング,社会福祉科,3.0,preference,OK,
S00146,社会福祉科,医療法人 正正会 分野病院,社会福祉科,1.0,preference,OK,
S00146,社会福祉科,公益財団法人 総合病院 浅香山病院,社会福祉科,2.0,preference,OK,
S00146,社会福祉科,医療法人社団 創生会,社会福祉科,3.0,preference,OK,
S00147,社会福祉科,一般社団法人 水口病院,社会福祉科,1.0,preference,OK,
S00147,社会福祉科,児童発達支援・放課後等デイサービスLUMO (株式会社 Gotoschoolグループ募集),社会福祉科,2.0,preference,OK,
S00147,社会福祉科,株式会社 シーアイ・パートナーズグループ,社会福祉科,3.0,preference,OK,
S00148,社会福祉科,児童発達支援・放課後等デイサービスLUMO (株式会社 Gotoschoolグループ募集),社会福祉科,1.0,preference,OK,
S00148,社会福祉科,株式会社 ミック・ジャパン 【ミック健康の森】 【ドラッグミック】 【ローソンドラッグミック】,社会福祉科,2.0,preference,OK,
S00148,社会福祉科,社会福祉法人 ヒューマンライツ福祉協会,社会福祉科,3.0,preference,OK,
S00149,社会福祉科,社会福祉法人 ヒューマンライツ福祉協会,社会福祉科,1.0,preference,OK,
S00149,社会福祉科,社会医療法人寿栄会 ありまこうげんホスピタル,社会福祉科,2.0,preference,OK,
S00149,社会福祉科,株式会社スバコ・ケア・エンジニアリング,社会福祉科,3.0,preference,OK,
S00150,社会福祉科,医療法人社団 創生会,社会福祉科,1.0,preference,OK,
S00150,社会福祉科,児童発達支援・放課後等デイサービスLUMO (株式会社 Gotoschoolグループ募集),社会福祉科,2.0,preference,OK,
S00150,社会福祉科,株式会社 T’Sコーポレーショングループ,社会福祉科,3.0,preference,OK,
S00151,社会福祉科,株式会社スバコ・ケア・エンジニアリング,社会福祉科,1.0,preference,OK,
S00151,社会福祉科,社会福祉法人 ヒューマンライツ福祉協会,社会福祉科,2.0,preference,OK,
S00151,社会福祉科,社会福祉法人 天心会 小阪病院,社会福祉科,3.0,preference,OK,
S00152,社会福祉科,株式会社 絆ホールディングス,社会福祉科,1.0,preference,OK,
S00152,社会福祉科,社会医療法人寿栄会 ありまこうげんホスピタル,社会福祉科,2.0,preference,OK,
S00152,社会福祉科,公益財団法人 総合病院 浅香山病院,社会福祉科,3.0,preference,OK,
S00153,社会福祉科,児童発達支援・放課後等デイサービスLUMO (株式会社 Gotoschoolグループ募集),社会福祉科,1.0,preference,OK,
S00153,社会福祉科,社会福祉法人 南湖会【障がい児者支援事業】,社会福祉科,2.0,preference,OK,
S00153,社会福祉科,社会福祉法人 天心会 小阪病院,社会福祉科,3.0,preference,OK,
S00154,社会福祉科,株式会社 ミック・ジャパン 【ミック健康の森】 【ドラッグミック】 【ローソンドラッグミック】,社会福祉科,1.0,preference,OK,
S00154,社会福祉科,株式会社 絆ホールディングス,社会福祉科,2.0,preference,OK,
S00154,社会福祉科,一般社団法人 水口病院,社会福祉科,3.0,preference,OK,
S00155,社会福祉科,医療法人社団 創生会,社会福祉科,1.0,preference,OK,
S00155,社会福祉科,株式会社 ミック・ジャパン 【ミック健康の森】 【ドラッグミック】 【ローソンドラッグミック】,社会福祉科,2.0,preference,OK,
S00155,社会福祉科,児童発達支援・放課後等デイサービスLUMO (株式会社 Gotoschoolグループ募集),社会福祉科,3.0,preference,OK,
S00156,社会福祉科,児童発達支援・放課後等デイサービスLUMO (株式会社 Gotoschoolグループ募集),社会福祉科,1.0,preference,OK,
S00156,社会福祉科,社会福祉法人 聖徳会,社会福祉科,2.0,preference,OK,
S00156,社会福祉科,医療法人 恒昭会(藍野病院・藍野花園病院・青葉丘病院),社会福祉科,3.0,preference,OK,
S00157,社会福祉科,社会福祉法人 大阪自彊館,社会福祉科,1.0,preference,OK,
S00157,社会福祉科,医療法人 恒昭会(藍野病院・藍野花園病院・青葉丘病院),社会福祉科,2.0,preference,OK,
S00157,社会福祉科,株式会社 ミック・ジャパン 【ミック健康の森】 【ドラッグミック】 【ローソンドラッグミック】,社会福祉科,3.0,preference,OK,
S00158,社会福祉科,社会福祉法人 天心会 小阪病院,社会福祉科,1.0,preference,OK,
S00158,社会福祉科,医療法人 恒昭会(藍野病院・藍野花園病院・青葉丘病院),社会福祉科,2.0,preference,OK,
S00158,社会福祉科,社会医療法人寿栄会 ありまこうげんホスピタル,社会福祉科,3.0,preference,OK,
S00159,社会福祉科,社会福祉法人 京都府社会福祉事業団,社会福祉科,1.0,preference,OK,
S00159,社会福祉科,医療法人 正正会 分野病院,社会福祉科,2.0,preference,OK,
S00159,社会福祉科,社会福祉法人 みなと寮 (救護施設・特別養護老人ホーム),社会福祉科,3.0,preference,OK,
S00160,社会福祉科,社会福祉法人 みなと寮 (救護施設・特別養護老人ホーム),社会福祉科,1.0,preference,OK,
S00160,社会福祉科,一般社団法人 水口病院,社会福祉科,2.0,preference,OK,
S00160,社会福祉科,公益財団法人 総合病院 浅香山病院,社会福祉科,3.0,preference,OK,
S00161,社会福祉科,社会福祉法人 京都府社会福祉事業団,社会福祉科,1.0,preference,OK,
S00161,社会福祉科,医療法人 恒昭会(藍野病院・藍野花園病院・青葉丘病院),社会福祉科,2.0,preference,OK,
S00161,社会福祉科,株式会社 シーアイ・パートナーズグループ,社会福祉科,3.0,preference,OK,
S00162,社会福祉科,社会福祉法人 京都府社会福祉事業団,社会福祉科,1.0,preference,OK,
S00162,社会福祉科,社会医療法人寿栄会 ありまこうげんホスピタル,社会福祉科,2.0,preference,OK,
S00162,社会福祉科,児童発達支援・放課後等デイサービスLUMO (株式会社 Gotoschoolグループ募集),社会福祉科,3.0,preference,OK,
S00163,社会福祉科,社会福祉法人 ヒューマンライツ福祉協会,社会福祉科,1.0,preference,OK,
S00163,社会福祉科,社会福祉法人 南湖会【障がい児者支援事業】,社会福祉科,2.0,preference,OK,
S00163,社会福祉科,社会福祉法人 大阪自彊館,社会福祉科,3.0,preference,OK,
S00164,社会福祉科,医療法人社団 創生会,社会福祉科,1.0,preference,OK,
S00164,社会福祉科,株式会社 T’Sコーポレーショングループ,社会福祉科,2.0,preference,OK,
S00164,社会福祉科,社会福祉法人 産経新聞厚生文化事業団,社会福祉科,3.0,preference,OK,
S00165,社会福祉科,株式会社 絆ホールディングス,社会福祉科,1.0,preference,OK,
S00165,社会福祉科,公益財団法人 総合病院 浅香山病院,社会福祉科,2.0,preference,OK,
S00165,社会福祉科,社会福祉法人 みなと寮 (救護施設・特別養護老人ホーム),社会福祉科,3.0,preference,OK,
S00166,社会福祉科,医療法人社団 創生会,社会福祉科,1.0,preference,OK,
S00166,社会福祉科,株式会社 ミック・ジャパン 【ミック健康の森】 【ドラッグミック】 【ローソンドラッグミック】,社会福祉科,2.0,preference,OK,
S00166,社会福祉科,株式会社 絆ホールディングス,社会福祉科,3.0,preference,OK,
S00167,社会福祉科,株式会社スバコ・ケア・エンジニアリング,社会福祉科,1.0,preference,OK,
S00167,社会福祉科,児童発達支援・放課後等デイサービスLUMO (株式会社 Gotoschoolグループ募集),社会福祉科,2.0,preference,OK,
S00167,社会福祉科,株式会社 絆ホールディングス,社会福祉科,3.0,preference,OK,
S00168,社会福祉科,株式会社 絆ホールディングス,社会福祉科,1.0,preference,OK,
S00168,社会福祉科,児童発達支援・放課後等デイサービスLUMO (株式会社 Gotoschoolグループ募集),社会福祉科,2.0,preference,OK,
S00168,社会福祉科,社会福祉法人 南湖会【障がい児者支援事業】,社会福祉科,3.0,preference,OK,
S00169,社会福祉科,一般社団法人 水口病院,社会福祉科,1.0,preference,OK,
S00169,社会福祉科,医療法人 正正会 分野病院,社会福祉科,2.0,preference,OK,
S00169,社会福祉科,公益財団法人 総合病院 浅香山病院,社会福祉科,3.0,preference,OK,
S00170,社会福祉科,社会福祉法人 大阪自彊館,社会福祉科,1.0,preference,OK,
S00170,社会福祉科,株式会社スバコ・ケア・エンジニアリング,社会福祉科,2.0,preference,OK,
S00170,社会福祉科,社会福祉法人 産経新聞厚生文化事業団,社会福祉科,3.0,preference,OK,
S00171,社会福祉科,社会福祉法人 天心会 小阪病院,社会福祉科,1.0,preference,OK,
S00171,社会福祉科,社会福祉法人 産経新聞厚生文化事業団,社会福祉科,2.0,preference,OK,
S00171,社会福祉科,株式会社 ミック・ジャパン 【ミック健康の森】 【ドラッグミック】 【ローソンドラッグミック】,社会福祉科,3.0,preference,OK,
S00172,社会福祉科,社会福祉法人 京都府社会福祉事業団,社会福祉科,1.0,preference,OK,
S00172,社会福祉科,株式会社 シーアイ・パートナーズグループ,社会福祉科,2.0,preference,OK,
S00172,社会福祉科,公益財団法人 総合病院 浅香山病院,社会福祉科,3.0,preference,OK,
S00173,社会福祉科,医療法人社団 創生会,社会福祉科,1.0,preference,OK,
S00173,社会福祉科,社会医療法人寿栄会 ありまこうげんホスピタル,社会福祉科,2.0,preference,OK,
S00173,社会福祉科,公益財団法人 総合病院 浅香山病院,社会福祉科,3.0,preference,OK,
S00174,社会福祉科,社会福祉法人 産経新聞厚生文化事業団,社会福祉科,1.0,preference,OK,
S00174,社会福祉科,株式会社 ミック・ジャパン 【ミック健康の森】 【ドラッグミック】 【ローソンドラッグミック】,社会福祉科,2.0,preference,OK,
S00174,社会福祉科,一般社団法人 水口病院,社会福祉科,3.0,preference,OK,
S00175,社会福祉科,社会医療法人寿栄会 ありまこうげんホスピタル,社会福祉科,1.0,preference,OK,
S00175,社会福祉科,児童発達支援・放課後等デイサービスLUMO (株式会社 Gotoschoolグループ募集),社会福祉科,2.0,preference,OK,
S00175,社会福祉科,株式会社スバコ・ケア・エンジニアリング,社会福祉科,3.0,preference,OK,
S00176,社会福祉科,社会医療法人寿栄会 ありまこうげんホスピタル,社会福祉科,1.0,preference,OK,
S00176,社会福祉科,社会福祉法人 京都府社会福祉事業団,社会福祉科,2.0,preference,OK,
S00176,社会福祉科,株式会社スバコ・ケア・エンジニアリング,社会福祉科,3.0,preference,OK,
S00177,社会福祉科,株式会社スバコ・ケア・エンジニアリング,社会福祉科,1.0,preference,OK,
S00177,社会福祉科,社会福祉法人 天心会 小阪病院,社会福祉科,2.0,preference,OK,
S00177,社会福祉科,医療法人 正正会 分野病院,社会福祉科,3.0,preference,OK,
S00178,社会福祉科,社会福祉法人 大阪自彊館,社会福祉科,1.0,preference,OK,
S00178,社会福祉科,児童発達支援・放課後等デイサービスLUMO (株式会社 Gotoschoolグループ募集),社会福祉科,2.0,preference,OK,
S00178,社会福祉科,社会福祉法人 天心会 小阪病院,社会福祉科,3.0,preference,OK,
S00179,社会福祉科,株式会社 T’Sコーポレーショングループ,社会福祉科,1.0,preference,OK,
S00179,社会福祉科,社会福祉法人 ヒューマンライツ福祉協会,社会福祉科,2.0,preference,OK,
S00179,社会福祉科,株式会社 絆ホールディングス,社会福祉科,3.0,preference,OK,
S00180,社会福祉科,株式会社スバコ・ケア・エンジニアリング,社会福祉科,1.0,preference,OK,
S00180,社会福祉科,株式会社 T’Sコーポレーショングループ,社会福祉科,2.0,preference,OK,
S00180,社会福祉科,医療法人 正正会 分野病院,社会福祉科,3.0,preference,OK,
S00181,社会福祉科,医療法人 恒昭会(藍野病院・藍野花園病院・青葉丘病院),社会福祉科,1.0,preference,OK,
S00181,社会福祉科,児童発達支援・放課後等デイサービスLUMO (株式会社 Gotoschoolグループ募集),社会福祉科,2.0,preference,OK,
S00181,社会福祉科,社会福祉法人 天心会 小阪病院,社会福祉科,3.0,preference,OK,
S00182,社会福祉科,株式会社スバコ・ケア・エンジニアリング,社会福祉科,1.0,preference,OK,
S00182,社会福祉科,児童発達支援・放課後等デイサービスLUMO (株式会社 Gotoschoolグループ募集),社会福祉科,2.0,preference,OK,
S00182,社会福祉科,社会福祉法人 京都府社会福祉事業団,社会福祉科,3.0,preference,OK,
S00183,社会福祉科,社会福祉法人 産経新聞厚生文化事業団,社会福祉科,1.0,preference,OK,
S00183,社会福祉科,社会福祉法人 聖徳会,社会福祉科,2.0,preference,OK,
S00183,社会福祉科,児童発達支援・放課後等デイサービスLUMO (株式会社 Gotoschoolグループ募集),社会福祉科,3.0,preference,OK,
S00184,社会福祉科,医療法人 恒昭会(藍野病院・藍野花園病院・青葉丘病院),社会福祉科,1.0,preference,OK,
S00184,社会福祉科,社会福祉法人 産経新聞厚生文化事業団,社会福祉科,2.0,preference,OK,
S00184,社会福祉科,株式会社 絆ホールディングス,社会福祉科,3.0,preference,OK,
S00185,社会福祉科,株式会社 絆ホールディングス,社会福祉科,1.0,preference,OK,
S00185,社会福祉科,社会福祉法人 ヒューマンライツ福祉協会,社会福祉科,2.0,preference,OK,
S00185,社会福祉科,児童発達支援・放課後等デイサービスLUMO (株式会社 Gotoschoolグループ募集),社会福祉科,3.0,preference,OK,
S00186,社会福祉科,株式会社 T’Sコーポレーショングループ,社会福祉科,1.0,preference,OK,
S00186,社会福祉科,株式会社 絆ホールディングス,社会福祉科,2.0,preference,OK,
S00186,社会福祉科,社会福祉法人 天心会 小阪病院,社会福祉科,3.0,preference,OK,
S00187,社会福祉科,株式会社 ミック・ジャパン 【ミック健康の森】 【ドラッグミック】 【ローソンドラッグミック】,社会福祉科,1.0,preference,OK,
S00187,社会福祉科,社会福祉法人 天心会 小阪病院,社会福祉科,2.0,preference,OK,
S00187,社会福祉科,一般社団法人 水口病院,社会福祉科,3.0,preference,OK,
S00188,社会福祉科,公益財団法人 総合病院 浅香山病院,社会福祉科,1.0,preference,OK,
S00188,社会福祉科,社会医療法人寿栄会 ありまこうげんホスピタル,社会福祉科,2.0,preference,OK,
S00188,社会福祉科,株式会社スバコ・ケア・エンジニアリング,社会福祉科,3.0,preference,OK,
S00189,社会福祉科,一般社団法人 水口病院,社会福祉科,1.0,preference,OK,
S00189,社会福祉科,社会福祉法人 聖徳会,社会福祉科,2.0,preference,OK,
S00189,社会福祉科,社会福祉法人 南湖会【障がい児者支援事業】,社会福祉科,3.0,preference,OK,
S00190,社会福祉科,医療法人 正正会 分野病院,社会福祉科,1.0,preference,OK,
S00190,社会福祉科,児童発達支援・放課後等デイサービスLUMO (株式会社 Gotoschoolグループ募集),社会福祉科,2.0,preference,OK,
S00190,社会福祉科,社会福祉法人 天心会 小阪病院,社会福祉科,3.0,preference,OK,
S00191,社会福祉科,株式会社 絆ホールディングス,社会福祉科,1.0,preference,OK,
S00191,社会福祉科,株式会社スバコ・ケア・エンジニアリング,社会福祉科,2.0,preference,OK,
S00191,社会福祉科,社会福祉法人 南湖会【障がい児者支援事業】,社会福祉科,3.0,preference,OK,
S00192,社会福祉科,社会福祉法人 天心会 小阪病院,社会福祉科,1.0,preference,OK,
S00192,社会福祉科,公益財団法人 総合病院 浅香山病院,社会福祉科,2.0,preference,OK,
S00192,社会福祉科,社会福祉法人 京都府社会福祉事業団,社会福祉科,3.0,preference,OK,
S00193,社会福祉科,株式会社 T’Sコーポレーショングループ,社会福祉科,1.0,preference,OK,
S00193,社会福祉科,社会福祉法人 天心会 小阪病院,社会福祉科,2.0,preference,OK,
S00193,社会福祉科,株式会社 ミック・ジャパン 【ミック健康の森】 【ドラッグミック】 【ローソンドラッグミック】,社会福祉科,3.0,preference,OK,
S00194,社会福祉科,社会福祉法人 天心会 小阪病院,社会福祉科,1.0,preference,OK,
S00194,社会福祉科,社会福祉法人 京都府社会福祉事業団,社会福祉科,2.0,preference,OK,
S00194,社会福祉科,社会福祉法人 大阪自彊館,社会福祉科,3.0,preference,OK,
S00195,社会福祉科,株式会社 ミック・ジャパン 【ミック健康の森】 【ドラッグミック】 【ローソンドラッグミック】,社会福祉科,1.0,preference,OK,
S00195,社会福祉科,医療法人 恒昭会(藍野病院・藍野花園病院・青葉丘病院),社会福祉科,2.0,preference,OK,
S00195,社会福祉科,公益財団法人 総合病院 浅香山病院,社会福祉科,3.0,preference,OK,
S00196,社会福祉科,社会福祉法人 産経新聞厚生文化事業団,社会福祉科,1.0,preference,OK,
S00196,社会福祉科,一般社団法人 水口病院,社会福祉科,2.0,preference,OK,
S00196,社会福祉科,医療法人 恒昭会(藍野病院・藍野花園病院・青葉丘病院),社会福祉科,3.0,preference,OK,
S00197,社会福祉科,児童発達支援・放課後等デイサービスLUMO (株式会社 Gotoschoolグループ募集),社会福祉科,1.0,preference,OK,
S00197,社会福祉科,株式会社 絆ホールディングス,社会福祉科,2.0,preference,OK,
S00197,社会福祉科,株式会社 シーアイ・パートナーズグループ,社会福祉科,3.0,preference,OK,
S00198,社会福祉科,株式会社スバコ・ケア・エンジニアリング,社会福祉科,1.0,preference,OK,
S00198,社会福祉科,社会福祉法人 産経新聞厚生文化事業団,社会福祉科,2.0,preference,OK,
S00198,社会福祉科,児童発達支援・放課後等デイサービスLUMO (株式会社 Gotoschoolグループ募集),社会福祉科,3.0,preference,OK,
S00199,社会福祉科,株式会社スバコ・ケア・エンジニアリング,社会福祉科,1.0,preference,OK,
S00199,社会福祉科,社会福祉法人 産経新聞厚生文化事業団,社会福祉科,2.0,preference,OK,
S00199,社会福祉科,株式会社 T’Sコーポレーショングループ,社会福祉科,3.0,preference,OK,
S00200,社会福祉科,社会医療法人寿栄会 ありまこうげんホスピタル,社会福祉科,1.0,preference,OK,
S00200,社会福祉科,社会福祉法人 京都府社会福祉事業団,社会福祉科,2.0,preference,OK,
S00200,社会福祉科,社会福祉法人 聖徳会,社会福祉科,3.0,preference,OK,
S00201,社会福祉科,社会福祉法人 聖徳会,社会福祉科,1.0,preference,OK,
S00201,社会福祉科,社会福祉法人 京都府社会福祉事業団,社会福祉科,2.0,preference,OK,
S00201,社会福祉科,医療法人社団 創生会,社会福祉科,3.0,preference,OK,
S00202,社会福祉科,公益財団法人 総合病院 浅香山病院,社会福祉科,1.0,preference,OK,
S00202,社会福祉科,社会福祉法人 聖徳会,社会福祉科,2.0,preference,OK,
S00202,社会福祉科,社会福祉法人 大阪自彊館,社会福祉科,3.0,preference,OK,
S00203,社会福祉科,公益財団法人 総合病院 浅香山病院,社会福祉科,1.0,preference,OK,
S00203,社会福祉科,社会福祉法人 南湖会【障がい児者支援事業】,社会福祉科,2.0,preference,OK,
S00203,社会福祉科,社会福祉法人 京都府社会福祉事業団,社会福祉科,3.0,preference,OK,
S00204,社会福祉科,株式会社 T’Sコーポレーショングループ,社会福祉科,1.0,preference,OK,
S00204,社会福祉科,公益財団法人 総合病院 浅香山病院,社会福祉科,2.0,preference,OK,
S00204,社会福祉科,医療法人 正正会 分野病院,社会福祉科,3.0,preference,OK,
S00205,社会福祉科,社会福祉法人 聖徳会,社会福祉科,1.0,preference,OK,
S00205,社会福祉科,社会福祉法人 大阪自彊館,社会福祉科,2.0,preference,OK,
S00205,社会福祉科,株式会社 ミック・ジャパン 【ミック健康の森】 【ドラッグミック】 【ローソンドラッグミック】,社会福祉科,3.0,preference,OK,
S00206,社会福祉科,児童発達支援・放課後等デイサービスLUMO (株式会社 Gotoschoolグループ募集),社会福祉科,1.0,preference,OK,
S00206,社会福祉科,社会福祉法人 みなと寮 (救護施設・特別養護老人ホーム),社会福祉科,2.0,preference,OK,
S00206,社会福祉科,社会福祉法人 産経新聞厚生文化事業団,社会福祉科,3.0,preference,OK,
S00207,社会福祉科,社会福祉法人 ヒューマンライツ福祉協会,社会福祉科,1.0,preference,OK,
S00207,社会福祉科,社会福祉法人 天心会 小阪病院,社会福祉科,2.0,preference,OK,
S00207,社会福祉科,公益財団法人 総合病院 浅香山病院,社会福祉科,3.0,preference,OK,
S00208,社会福祉科,社会福祉法人 産経新聞厚生文化事業団,社会福祉科,1.0,preference,OK,
S00208,社会福祉科,社会福祉法人 みなと寮 (救護施設・特別養護老人ホーム),社会福祉科,2.0,preference,OK,
S00208,社会福祉科,株式会社 絆ホールディングス,社会福祉科,3.0,preference,OK,
S00209,社会福祉科,株式会社スバコ・ケア・エンジニアリング,社会福祉科,1.0,preference,OK,
S00209,社会福祉科,児童発達支援・放課後等デイサービスLUMO (株式会社 Gotoschoolグループ募集),社会福祉科,2.0,preference,OK,
S00209,社会福祉科,社会福祉法人 京都府社会福祉事業団,社会福祉科,3.0,preference,OK,
S00210,社会福祉科,医療法人 恒昭会(藍野病院・藍野花園病院・青葉丘病院),社会福祉科,1.0,preference,OK,
S00210,社会福祉科,株式会社 絆ホールディングス,社会福祉科,2.0,preference,OK,
S00210,社会福祉科,社会福祉法人 聖徳会,社会福祉科,3.0,preference,OK,
S00211,社会福祉科,株式会社 T’Sコーポレーショングループ,社会福祉科,1.0,preference,OK,
S00211,社会福祉科,社会福祉法人 天心会 小阪病院,社会福祉科,2.0,preference,OK,
S00211,社会福祉科,社会福祉法人 産経新聞厚生文化事業団,社会福祉科,3.0,preference,OK,
S00212,社会福祉科,医療法人社団 創生会,社会福祉科,1.0,preference,OK,
S00212,社会福祉科,社会福祉法人 みなと寮 (救護施設・特別養護老人ホーム),社会福祉科,2.0,preference,OK,
S00212,社会福祉科,社会福祉法人 ヒューマンライツ福祉協会,社会福祉科,3.0,preference,OK,
S00213,社会福祉科,株式会社 ミック・ジャパン 【ミック健康の森】 【ドラッグミック】 【ローソンドラッグミック】,社会福祉科,1.0,preference,OK,
S00213,社会福祉科,社会福祉法人 京都府社会福祉事業団,社会福祉科,2.0,preference,OK,
S00213,社会福祉科,社会福祉法人 ヒューマンライツ福祉協会,社会福祉科,3.0,preference,OK,
S00214,社会福祉科,社会福祉法人 京都府社会福祉事業団,社会福祉科,1.0,preference,OK,
S00214,社会福祉科,医療法人 正正会 分野病院,社会福祉科,2.0,preference,OK,
S00214,社会福祉科,株式会社 シーアイ・パートナーズグループ,社会福祉科,3.0,preference,OK,
S00215,社会福祉科,児童発達支援・放課後等デイサービスLUMO (株式会社 Gotoschoolグループ募集),社会福祉科,1.0,preference,OK,
S00215,社会福祉科,医療法人 正正会 分野病院,社会福祉科,2.0,preference,OK,
S00215,社会福祉科,株式会社 ミック・ジャパン 【ミック健康の森】 【ドラッグミック】 【ローソンドラッグミック】,社会福祉科,3.0,preference,OK,
S00216,社会福祉科,社会医療法人寿栄会 ありまこうげんホスピタル,社会福祉科,1.0,preference,OK,
S00216,社会福祉科,社会福祉法人 産経新聞厚生文化事業団,社会福祉科,2.0,preference,OK,
S00216,社会福祉科,公益財団法人 総合病院 浅香山病院,社会福祉科,3.0,preference,OK,
S00217,社会福祉科,医療法人 恒昭会(藍野病院・藍野花園病院・青葉丘病院),社会福祉科,1.0,preference,OK,
S00217,社会福祉科,一般社団法人 水口病院,社会福祉科,2.0,preference,OK,
S00217,社会福祉科,社会福祉法人 聖徳会,社会福祉科,3.0,preference,OK,
S00218,社会福祉科,公益財団法人 総合病院 浅香山病院,社会福祉科,1.0,preference,OK,
S00218,社会福祉科,社会福祉法人 みなと寮 (救護施設・特別養護老人ホーム),社会福祉科,2.0,preference,OK,
S00218,社会福祉科,社会福祉法人 大阪自彊館,社会福祉科,3.0,preference,OK,
S00219,社会福祉科,社会福祉法人 聖徳会,社会福祉科,1.0,preference,OK,
S00219,社会福祉科,社会福祉法人 大阪自彊館,社会福祉科,2.0,preference,OK,
S00219,社会福祉科,株式会社スバコ・ケア・エンジニアリング,社会福祉科,3.0,preference,OK,
S00220,社会福祉科,社会福祉法人 聖徳会,社会福祉科,1.0,preference,OK,
S00220,社会福祉科,株式会社 T’Sコーポレーショングループ,社会福祉科,2.0,preference,OK,
S00220,社会福祉科,医療法人 正正会 分野病院,社会福祉科,3.0,preference,OK,
S00221,社会福祉科,株式会社 シーアイ・パートナーズグループ,社会福祉科,1.0,preference,OK,
S00221,社会福祉科,医療法人 恒昭会(藍野病院・藍野花園病院・青葉丘病院),社会福祉科,2.0,preference,OK,
S00221,社会福祉科,株式会社スバコ・ケア・エンジニアリング,社会福祉科,3.0,preference,OK,
S00222,社会福祉科,社会福祉法人 産経新聞厚生文化事業団,社会福祉科,1.0,preference,OK,
S00222,社会福祉科,社会医療法人寿栄会 ありまこうげんホスピタル,社会福祉科,2.0,preference,OK,
S00222,社会福祉科,医療法人 恒昭会(藍野病院・藍野花園病院・青葉丘病院),社会福祉科,3.0,preference,OK,
S00223,社会福祉科,医療法人 恒昭会(藍野病院・藍野花園病院・青葉丘病院),社会福祉科,1.0,preference,OK,
S00223,社会福祉科,医療法人社団 創生会,社会福祉科,2.0,preference,OK,
S00223,社会福祉科,株式会社スバコ・ケア・エンジニアリング,社会福祉科,3.0,preference,OK,
S00224,社会福祉科,社会福祉法人 聖徳会,社会福祉科,1.0,preference,OK,
S00224,社会福祉科,一般社団法人 水口病院,社会福祉科,2.0,preference,OK,
S00224,社会福祉科,株式会社 絆ホールディングス,社会福祉科,3.0,preference,OK,
S00225,社会福祉科,医療法人 正正会 分野病院,社会福祉科,1.0,preference,OK,
S00225,社会福祉科,社会福祉法人 産経新聞厚生文化事業団,社会福祉科,2.0,preference,OK,
S00225,社会福祉科,株式会社スバコ・ケア・エンジニアリング,社会福祉科,3.0,preference,OK,
S00226,社会福祉科,医療法人社団 創生会,社会福祉科,1.0,preference,OK,
S00226,社会福祉科,公益財団法人 総合病院 浅香山病院,社会福祉科,2.0,preference,OK,
S00226,社会福祉科,一般社団法人 水口病院,社会福祉科,3.0,preference,OK,
S00227,社会福祉科,株式会社 シーアイ・パートナーズグループ,社会福祉科,1.0,preference,OK,
S00227,社会福祉科,医療法人 正正会 分野病院,社会福祉科,2.0,preference,OK,
S00227,社会福祉科,一般社団法人 水口病院,社会福祉科,3.0,preference,OK,
S00228,社会福祉科,株式会社 絆ホールディングス,社会福祉科,1.0,preference,OK,
S00228,社会福祉科,児童発達支援・放課後等デイサービスLUMO (株式会社 Gotoschoolグループ募集),社会福祉科,2.0,preference,OK,
S00228,社会福祉科,社会福祉法人 聖徳会,社会福祉科,3.0,preference,OK,
S00229,社会福祉科,医療法人 恒昭会(藍野病院・藍野花園病院・青葉丘病院),社会福祉科,1.0,preference,OK,
S00229,社会福祉科,株式会社 T’Sコーポレーショングループ,社会福祉科,2.0,preference,OK,
S00229,社会福祉科,社会福祉法人 産経新聞厚生文化事業団,社会福祉科,3.0,preference,OK,
S00230,社会福祉科,医療法人 恒昭会(藍野病院・藍野花園病院・青葉丘病院),社会福祉科,1.0,preference,OK,
S00230,社会福祉科,医療法人社団 創生会,社会福祉科,2.0,preference,OK,
S00230,社会福祉科,一般社団法人 水口病院,社会福祉科,3.0,preference,OK,
S00231,社会福祉科,社会医療法人寿栄会 ありまこうげんホスピタル,社会福祉科,1.0,preference,OK,
S00231,社会福祉科,社会福祉法人 ヒューマンライツ福祉協会,社会福祉科,2.0,preference,OK,
S00231,社会福祉科,社会福祉法人 天心会 小阪病院,社会福祉科,3.0,preference,OK,
S00232,社会福祉科,社会福祉法人 みなと寮 (救護施設・特別養護老人ホーム),社会福祉科,1.0,preference,OK,
S00232,社会福祉科,医療法人 正正会 分野病院,社会福祉科,2.0,preference,OK,
S00232,社会福祉科,児童発達支援・放課後等デイサービスLUMO (株式会社 Gotoschoolグループ募集),社会福祉科,3.0,preference,OK,
S00233,社会福祉科,社会福祉法人 南湖会【障がい児者支援事業】,社会福祉科,1.0,preference,OK,
S00233,社会福祉科,一般社団法人 水口病院,社会福祉科,2.0,preference,OK,
S00233,社会福祉科,医療法人 正正会 分野病院,社会福祉科,3.0,preference,OK,
S00234,社会福祉科,社会福祉法人 天心会 小阪病院,社会福祉科,1.0,preference,OK,
S00234,社会福祉科,社会医療法人寿栄会 ありまこうげんホスピタル,社会福祉科,2.0,preference,OK,
S00234,社会福祉科,株式会社 絆ホールディングス,社会福祉科,3.0,preference,OK,
S00235,社会福祉科,株式会社 シーアイ・パートナーズグループ,社会福祉科,1.0,preference,OK,
S00235,社会福祉科,社会福祉法人 産経新聞厚生文化事業団,社会福祉科,2.0,preference,OK,
S00235,社会福祉科,社会福祉法人 みなと寮 (救護施設・特別養護老人ホーム),社会福祉科,3.0,preference,OK,
S00236,社会福祉科,医療法人 恒昭会(藍野病院・藍野花園病院・青葉丘病院),社会福祉科,1.0,preference,OK,
S00236,社会福祉科,社会福祉法人 南湖会【障がい児者支援事業】,社会福祉科,2.0,preference,OK,
S00236,社会福祉科,社会福祉法人 京都府社会福祉事業団,社会福祉科,3.0,preference,OK,
S00237,社会福祉科,社会福祉法人 聖徳会,社会福祉科,1.0,preference,OK,
S00237,社会福祉科,一般社団法人 水口病院,社会福祉科,2.0,preference,OK,
S00237,社会福祉科,株式会社スバコ・ケア・エンジニアリング,社会福祉科,3.0,preference,OK,
S00238,社会福祉科,社会福祉法人 南湖会【障がい児者支援事業】,社会福祉科,1.0,preference,OK,
S00238,社会福祉科,株式会社 絆ホールディングス,社会福祉科,2.0,preference,OK,
S00238,社会福祉科,児童発達支援・放課後等デイサービスLUMO (株式会社 Gotoschoolグループ募集),社会福祉科,3.0,preference,OK,
S00239,社会福祉科,一般社団法人 水口病院,社会福祉科,1.0,preference,OK,
S00239,社会福祉科,社会福祉法人 天心会 小阪病院,社会福祉科,2.0,preference,OK,
S00239,社会福祉科,医療法人社団 創生会,社会福祉科,3.0,preference,OK,
S00240,社会福祉科,株式会社スバコ・ケア・エンジニアリング,社会福祉科,1.0,preference,OK,
S00240,社会福祉科,公益財団法人 総合病院 浅香山病院,社会福祉科,2.0,preference,OK,
S00240,社会福祉科,社会福祉法人 ヒューマンライツ福祉協会,社会福祉科,3.0,preference,OK,
S00241,社会福祉科,社会福祉法人 大阪自彊館,社会福祉科,1.0,preference,OK,
S00241,社会福祉科,社会福祉法人 京都府社会福祉事業団,社会福祉科,2.0,preference,OK,
S00241,社会福祉科,医療法人社団 創生会,社会福祉科,3.0,preference,OK,
S00242,社会福祉科,株式会社 絆ホールディングス,社会福祉科,1.0,preference,OK,
S00242,社会福祉科,児童発達支援・放課後等デイサービスLUMO (株式会社 Gotoschoolグループ募集),社会福祉科,2.0,preference,OK,
S00242,社会福祉科,一般社団法人 水口病院,社会福祉科,3.0,preference,OK,
S00243,社会福祉科,社会福祉法人 大阪自彊館,社会福祉科,1.0,preference,OK,
S00243,社会福祉科,社会福祉法人 産経新聞厚生文化事業団,社会福祉科,2.0,preference,OK,
S00243,社会福祉科,児童発達支援・放課後等デイサービスLUMO (株式会社 Gotoschoolグループ募集),社会福祉科,3.0,preference,OK,
S00244,社会福祉科,社会福祉法人 大阪自彊館,社会福祉科,1.0,preference,OK,
S00244,社会福祉科,株式会社 絆ホールディングス,社会福祉科,2.0,preference,OK,
S00244,社会福祉科,社会福祉法人 ヒューマンライツ福祉協会,社会福祉科,3.0,preference,OK,
S00245,社会福祉科,社会福祉法人 天心会 小阪病院,社会福祉科,1.0,preference,OK,
S00245,社会福祉科,株式会社 シーアイ・パートナーズグループ,社会福祉科,2.0,preference,OK,
S00245,社会福祉科,株式会社スバコ・ケア・エンジニアリング,社会福祉科,3.0,preference,OK,
S00246,社会福祉科,株式会社 T’Sコーポレーショングループ,社会福祉科,1.0,preference,OK,
S00246,社会福祉科,社会福祉法人 南湖会【障がい児者支援事業】,社会福祉科,2.0,preference,OK,
S00246,社会福祉科,社会福祉法人 みなと寮 (救護施設・特別養護老人ホーム),社会福祉科,3.0,preference,OK,
S00247,社会福祉科,社会福祉法人 みなと寮 (救護施設・特別養護老人ホーム),社会福祉科,1.0,preference,OK,
S00247,社会福祉科,社会福祉法人 京都府社会福祉事業団,社会福祉科,2.0,preference,OK,
S00247,社会福祉科,一般社団法人 水口病院,社会福祉科,3.0,preference,OK,
S00248,社会福祉科,社会福祉法人 ヒューマンライツ福祉協会,社会福祉科,1.0,preference,OK,
S00248,社会福祉科,医療法人 正正会 分野病院,社会福祉科,2.0,preference,OK,
S00248,社会福祉科,株式会社 シーアイ・パートナーズグループ,社会福祉科,3.0,preference,OK,
S00249,社会福祉科,社会福祉法人 みなと寮 (救護施設・特別養護老人ホーム),社会福祉科,1.0,preference,OK,
S00249,社会福祉科,医療法人 恒昭会(藍野病院・藍野花園病院・青葉丘病院),社会福祉科,2.0,preference,OK,
S00249,社会福祉科,社会福祉法人 大阪自彊館,社会福祉科,3.0,preference,OK,
S00250,社会福祉科,社会福祉法人 聖徳会,社会福祉科,1.0,preference,OK,
S00250,社会福祉科,株式会社 絆ホールディングス,社会福祉科,2.0,preference,OK,
S00250,社会福祉科,公益財団法人 総合病院 浅香山病院,社会福祉科,3.0,preference,OK,
S00251,社会福祉科,社会福祉法人 天心会 小阪病院,社会福祉科,1.0,preference,OK,
S00251,社会福祉科,株式会社 T’Sコーポレーショングループ,社会福祉科,2.0,preference,OK,
S00251,社会福祉科,株式会社スバコ・ケア・エンジニアリング,社会福祉科,3.0,preference,OK,
S00252,社会福祉科,株式会社 T’Sコーポレーショングループ,社会福祉科,1.0,preference,OK,
S00252,社会福祉科,社会福祉法人 ヒューマンライツ福祉協会,社会福祉科,2.0,preference,OK,
S00252,社会福祉科,株式会社 ミック・ジャパン 【ミック健康の森】 【ドラッグミック】 【ローソンドラッグミック】,社会福祉科,3.0,preference,OK,
S00253,社会福祉科,一般社団法人 水口病院,社会福祉科,1.0,preference,OK,
S00253,社会福祉科,社会福祉法人 大阪自彊館,社会福祉科,2.0,preference,OK,
S00253,社会福祉科,児童発達支援・放課後等デイサービスLUMO (株式会社 Gotoschoolグループ募集),社会福祉科,3.0,preference,OK,
S00254,社会福祉科,株式会社 T’Sコーポレーショングループ,社会福祉科,1.0,preference,OK,
S00254,社会福祉科,社会福祉法人 大阪自彊館,社会福祉科,2.0,preference,OK,
S00254,社会福祉科,公益財団法人 総合病院 浅香山病院,社会福祉科,3.0,preference,OK,
S00255,社会福祉科,公益財団法人 総合病院 浅香山病院,社会福祉科,1.0,preference,OK,
S00255,社会福祉科,株式会社 シーアイ・パートナーズグループ,社会福祉科,2.0,preference,OK,
S00255,社会福祉科,社会福祉法人 京都府社会福祉事業団,社会福祉科,3.0,preference,OK,
S00256,社会福祉科,公益財団法人 総合病院 浅香山病院,社会福祉科,1.0,preference,OK,
S00256,社会福祉科,株式会社 ミック・ジャパン 【ミック健康の森】 【ドラッグミック】 【ローソンドラッグミック】,社会福祉科,2.0,preference,OK,
S00256,社会福祉科,医療法人 正正会 分野病院,社会福祉科,3.0,preference,OK,
S00257,社会福祉科,公益財団法人 総合病院 浅香山病院,社会福祉科,1.0,preference,OK,
S00257,社会福祉科,医療法人 恒昭会(藍野病院・藍野花園病院・青葉丘病院),社会福祉科,2.0,preference,OK,
S00257,社会福祉科,社会医療法人寿栄会 ありまこうげんホスピタル,社会福祉科,3.0,preference,OK,
S00258,社会福祉科,社会福祉法人 ヒューマンライツ福祉協会,社会福祉科,1.0,preference,OK,
S00258,社会福祉科,公益財団法人 総合病院 浅香山病院,社会福祉科,2.0,preference,OK,
S00258,社会福祉科,医療法人 恒昭会(藍野病院・藍野花園病院・青葉丘病院),社会福祉科,3.0,preference,OK,
S00259,社会福祉科,児童発達支援・放課後等デイサービスLUMO (株式会社 Gotoschoolグループ募集),社会福祉科,1.0,preference,OK,
S00259,社会福祉科,医療法人 恒昭会(藍野病院・藍野花園病院・青葉丘病院),社会福祉科,2.0,preference,OK,
S00259,社会福祉科,株式会社 シーアイ・パートナーズグループ,社会福祉科,3.0,preference,OK,
S00260,社会福祉科,一般社団法人 水口病院,社会福祉科,1.0,preference,OK,
S00260,社会福祉科,株式会社 ミック・ジャパン 【ミック健康の森】 【ドラッグミック】 【ローソンドラッグミック】,社会福祉科,2.0,preference,OK,
S00260,社会福祉科,公益財団法人 総合病院 浅香山病院,社会福祉科,3.0,preference,OK,
S00261,社会福祉科,一般社団法人 水口病院,社会福祉科,1.0,preference,OK,
S00261,社会福祉科,社会福祉法人 京都府社会福祉事業団,社会福祉科,2.0,preference,OK,
S00261,社会福祉科,社会福祉法人 大阪自彊館,社会福祉科,3.0,preference,OK,
S00262,社会福祉科,公益財団法人 総合病院 浅香山病院,社会福祉科,1.0,preference,OK,
S00262,社会福祉科,株式会社 ミック・ジャパン 【ミック健康の森】 【ドラッグミック】 【ローソンドラッグミック】,社会福祉科,2.0,preference,OK,
S00262,社会福祉科,社会福祉法人 京都府社会福祉事業団,社会福祉科,3.0,preference,OK,
S00263,社会福祉科,社会福祉法人 みなと寮 (救護施設・特別養護老人ホーム),社会福祉科,1.0,preference,OK,
S00263,社会福祉科,株式会社 シーアイ・パートナーズグループ,社会福祉科,2.0,preference,OK,
S00263,社会福祉科,社会福祉法人 天心会 小阪病院,社会福祉科,3.0,preference,OK,
S00264,社会福祉科,社会福祉法人 大阪自彊館,社会福祉科,1.0,preference,OK,
S00264,社会福祉科,社会福祉法人 天心会 小阪病院,社会福祉科,2.0,preference,OK,
S00264,社会福祉科,株式会社 ミック・ジャパン 【ミック健康の森】 【ドラッグミック】 【ローソンドラッグミック】,社会福祉科,3.0,preference,OK,
S00265,社会福祉科,医療法人 正正会 分野病院,社会福祉科,1.0,preference,OK,
S00265,社会福祉科,社会福祉法人 みなと寮 (救護施設・特別養護老人ホーム),社会福祉科,2.0,preference,OK,
S00265,社会福祉科,株式会社 T’Sコーポレーショングループ,社会福祉科,3.0,preference,OK,
S00266,社会福祉科,株式会社 T’Sコーポレーショングループ,社会福祉科,1.0,preference,OK,
S00266,社会福祉科,社会福祉法人 産経新聞厚生文化事業団,社会福祉科,2.0,preference,OK,
S00266,社会福祉科,社会福祉法人 ヒューマンライツ福祉協会,社会福祉科,3.0,preference,OK,
S00267,社会福祉科,株式会社 絆ホールディングス,社会福祉科,1.0,preference,OK,
S00267,社会福祉科,社会福祉法人 ヒューマンライツ福祉協会,社会福祉科,2.0,preference,OK,
S00267,社会福祉科,社会福祉法人 産経新聞厚生文化事業団,社会福祉科,3.0,preference,OK,
S00268,社会福祉科,社会福祉法人 聖徳会,社会福祉科,1.0,preference,OK,
S00268,社会福祉科,株式会社 T’Sコーポレーショングループ,社会福祉科,2.0,preference,OK,
S00268,社会福祉科,社会福祉法人 天心会 小阪病院,社会福祉科,3.0,preference,OK,
S00269,社会福祉科,社会福祉法人 京都府社会福祉事業団,社会福祉科,1.0,preference,OK,
S00269,社会福祉科,児童発達支援・放課後等デイサービスLUMO (株式会社 Gotoschoolグループ募集),社会福祉科,2.0,preference,OK,
S00269,社会福祉科,社会福祉法人 大阪自彊館,社会福祉科,3.0,preference,OK,
S00270,社会福祉科,社会福祉法人 大阪自彊館,社会福祉科,1.0,preference,OK,
S00270,社会福祉科,社会福祉法人 聖徳会,社会福祉科,2.0,preference,OK,
S00270,社会福祉科,株式会社 T’Sコーポレーショングループ,社会福祉科,3.0,preference,OK,
S00271,社会福祉科,株式会社スバコ・ケア・エンジニアリング,社会福祉科,1.0,preference,OK,
S00271,社会福祉科,社会福祉法人 みなと寮 (救護施設・特別養護老人ホーム),社会福祉科,2.0,preference,OK,
S00271,社会福祉科,株式会社 T’Sコーポレーショングループ,社会福祉科,3.0,preference,OK,
S00272,社会福祉科,社会福祉法人 大阪自彊館,社会福祉科,1.0,preference,OK,
S00272,社会福祉科,社会福祉法人 ヒューマンライツ福祉協会,社会福祉科,2.0,preference,OK,
S00272,社会福祉科,社会福祉法人 天心会 小阪病院,社会福祉科,3.0,preference,OK,
S00273,社会福祉科,株式会社 ミック・ジャパン 【ミック健康の森】 【ドラッグミック】 【ローソンドラッグミック】,社会福祉科,1.0,preference,OK,
S00273,社会福祉科,公益財団法人 総合病院 浅香山病院,社会福祉科,2.0,preference,OK,
S00273,社会福祉科,社会福祉法人 京都府社会福祉事業団,社会福祉科,3.0,preference,OK,
S00274,社会福祉科,株式会社 絆ホールディングス,社会福祉科,1.0,preference,OK,
S00274,社会福祉科,社会福祉法人 聖徳会,社会福祉科,2.0,preference,OK,
S00274,社会福祉科,一般社団法人 水口病院,社会福祉科,3.0,preference,OK,
S00275,社会福祉科,医療法人 恒昭会(藍野病院・藍野花園病院・青葉丘病院),社会福祉科,1.0,preference,OK,
S00275,社会福祉科,医療法人 正正会 分野病院,社会福祉科,2.0,preference,OK,
S00275,社会福祉科,社会福祉法人 産経新聞厚生文化事業団,社会福祉科,3.0,preference,OK,
S00276,社会福祉科,株式会社 シーアイ・パートナーズグループ,社会福祉科,1.0,preference,OK,
S00276,社会福祉科,公益財団法人 総合病院 浅香山病院,社会福祉科,2.0,preference,OK,
S00276,社会福祉科,社会福祉法人 産経新聞厚生文化事業団,社会福祉科,3.0,preference,OK,
S00277,社会福祉科,医療法人 恒昭会(藍野病院・藍野花園病院・青葉丘病院),社会福祉科,1.0,preference,OK,
S00277,社会福祉科,一般社団法人 水口病院,社会福祉科,2.0,preference,OK,
S00277,社会福祉科,児童発達支援・放課後等デイサービスLUMO (株式会社 Gotoschoolグループ募集),社会福祉科,3.0,preference,OK,
S00278,社会福祉科,株式会社スバコ・ケア・エンジニアリング,社会福祉科,1.0,preference,OK,
S00278,社会福祉科,社会福祉法人 南湖会【障がい児者支援事業】,社会福祉科,2.0,preference,OK,
S00278,社会福祉科,社会福祉法人 天心会 小阪病院,社会福祉科,3.0,preference,OK,
S00279,社会福祉科,医療法人 恒昭会(藍野病院・藍野花園病院・青葉丘病院),社会福祉科,1.0,preference,OK,
S00279,社会福祉科,公益財団法人 総合病院 浅香山病院,社会福祉科,2.0,preference,OK,
S00279,社会福祉科,医療法人 正正会 分野病院,社会福祉科,3.0,preference,OK,
S00280,社会福祉科,社会福祉法人 京都府社会福祉事業団,社会福祉科,1.0,preference,OK,
S00280,社会福祉科,医療法人 正正会 分野病院,社会福祉科,2.0,preference,OK,
S00280,社会福祉科,社会福祉法人 天心会 小阪病院,社会福祉科,3.0,preference,OK,
S00281,社会福祉科,医療法人 恒昭会(藍野病院・藍野花園病院・青葉丘病院),社会福祉科,1.0,preference,OK,
S00281,社会福祉科,一般社団法人 水口病院,社会福祉科,2.0,preference,OK,
S00281,社会福祉科,社会福祉法人 産経新聞厚生文化事業団,社会福祉科,3.0,preference,OK,
S00282,社会福祉科,社会福祉法人 京都府社会福祉事業団,社会福祉科,1.0,preference,OK,
S00282,社会福祉科,社会福祉法人 大阪自彊館,社会福祉科,2.0,preference,OK,
S00282,社会福祉科,社会医療法人寿栄会 ありまこうげんホスピタル,社会福祉科,3.0,preference,OK,
S00283,社会福祉科,社会福祉法人 京都府社会福祉事業団,社会福祉科,1.0,preference,OK,
S00283,社会福祉科,社会医療法人寿栄会 ありまこうげんホスピタル,社会福祉科,2.0,preference,OK,
S00283,社会福祉科,社会福祉法人 ヒューマンライツ福祉協会,社会福祉科,3.0,preference,OK,
S00284,社会福祉科,社会福祉法人 南湖会【障がい児者支援事業】,社会福祉科,1.0,preference,OK,
S00284,社会福祉科,株式会社スバコ・ケア・エンジニアリング,社会福祉科,2.0,preference,OK,
S00284,社会福祉科,株式会社 シーアイ・パートナーズグループ,社会福祉科,3.0,preference,OK,
S00285,社会福祉科,社会福祉法人 ヒューマンライツ福祉協会,社会福祉科,1.0,preference,OK,
S00285,社会福祉科,株式会社スバコ・ケア・エンジニアリング,社会福祉科,2.0,preference,OK,
S00285,社会福祉科,社会福祉法人 みなと寮 (救護施設・特別養護老人ホーム),社会福祉科,3.0,preference,OK,
S00286,社会福祉科,株式会社 シーアイ・パートナーズグループ,社会福祉科,1.0,preference,OK,
S00286,社会福祉科,社会福祉法人 南湖会【障がい児者支援事業】,社会福祉科,2.0,preference,OK,
S00286,社会福祉科,一般社団法人 水口病院,社会福祉科,3.0,preference,OK,
S00287,社会福祉科,社会福祉法人 聖徳会,社会福祉科,1.0,preference,OK,
S00287,社会福祉科,社会医療法人寿栄会 ありまこうげんホスピタル,社会福祉科,2.0,preference,OK,
S00287,社会福祉科,社会福祉法人 大阪自彊館,社会福祉科,3.0,preference,OK,
S00288,社会福祉科,社会福祉法人 みなと寮 (救護施設・特別養護老人ホーム),社会福祉科,1.0,preference,OK,
S00288,社会福祉科,児童発達支援・放課後等デイサービスLUMO (株式会社 Gotoschoolグループ募集),社会福祉科,2.0,preference,OK,
S00288,社会福祉科,社会医療法人寿栄会 ありまこうげんホスピタル,社会福祉科,3.0,preference,OK,
S00289,社会福祉科,株式会社 絆ホールディングス,社会福祉科,1.0,preference,OK,
S00289,社会福祉科,児童発達支援・放課後等デイサービスLUMO (株式会社 Gotoschoolグループ募集),社会福祉科,2.0,preference,OK,
S00289,社会福祉科,株式会社スバコ・ケア・エンジニアリング,社会福祉科,3.0,preference,OK,
S00290,社会福祉科,社会福祉法人 聖徳会,社会福祉科,1.0,preference,OK,
S00290,社会福祉科,社会福祉法人 みなと寮 (救護施設・特別養護老人ホーム),社会福祉科,2.0,preference,OK,
S00290,社会福祉科,株式会社 絆ホールディングス,社会福祉科,3.0,preference,OK,
S00291,社会福祉科,社会福祉法人 聖徳会,社会福祉科,1.0,preference,OK,
S00291,社会福祉科,児童発達支援・放課後等デイサービスLUMO (株式会社 Gotoschoolグループ募集),社会福祉科,2.0,preference,OK,
S00291,社会福祉科,医療法人 正正会 分野病院,社会福祉科,3.0,preference,OK,
S00292,社会福祉科,医療法人社団 創生会,社会福祉科,1.0,preference,OK,
S00292,社会福祉科,社会福祉法人 天心会 小阪病院,社会福祉科,2.0,preference,OK,
S00292,社会福祉科,株式会社 ミック・ジャパン 【ミック健康の森】 【ドラッグミック】 【ローソンドラッグミック】,社会福祉科,3.0,preference,OK,
S00293,社会福祉科,社会福祉法人 みなと寮 (救護施設・特別養護老人ホーム),社会福祉科,1.0,preference,OK,
S00293,社会福祉科,株式会社 シーアイ・パートナーズグループ,社会福祉科,2.0,preference,OK,
S00293,社会福祉科,株式会社 T’Sコーポレーショングループ,社会福祉科,3.0,preference,OK,
S00294,社会福祉科,社会医療法人寿栄会 ありまこうげんホスピタル,社会福祉科,1.0,preference,OK,
S00294,社会福祉科,株式会社 ミック・ジャパン 【ミック健康の森】 【ドラッグミック】 【ローソンドラッグミック】,社会福祉科,2.0,preference,OK,
S00294,社会福祉科,社会福祉法人 大阪自彊館,社会福祉科,3.0,preference,OK,
S00295,社会福祉科,医療法人社団 創生会,社会福祉科,1.0,preference,OK,
S00295,社会福祉科,社会福祉法人 聖徳会,社会福祉科,2.0,preference,OK,
S00295,社会福祉科,株式会社 ミック・ジャパン 【ミック健康の森】 【ドラッグミック】 【ローソンドラッグミック】,社会福祉科,3.0,preference,OK,
S00296,社会福祉科,社会福祉法人 聖徳会,社会福祉科,1.0,preference,OK,
S00296,社会福祉科,株式会社スバコ・ケア・エンジニアリング,社会福祉科,2.0,preference,OK,
S00296,社会福祉科,社会福祉法人 京都府社会福祉事業団,社会福祉科,3.0,preference,OK,
S00297,社会福祉科,児童発達支援・放課後等デイサービスLUMO (株式会社 Gotoschoolグループ募集),社会福祉科,1.0,preference,OK,
S00297,社会福祉科,医療法人 恒昭会(藍野病院・藍野花園病院・青葉丘病院),社会福祉科,2.0,preference,OK,
S00297,社会福祉科,社会福祉法人 天心会 小阪病院,社会福祉科,3.0,preference,OK,
S00298,社会福祉科,社会福祉法人 大阪自彊館,社会福祉科,1.0,preference,OK,
S00298,社会福祉科,株式会社スバコ・ケア・エンジニアリング,社会福祉科,2.0,preference,OK,
S00298,社会福祉科,株式会社 シーアイ・パートナーズグループ,社会福祉科,3.0,preference,OK,
S00299,社会福祉科,社会福祉法人 産経新聞厚生文化事業団,社会福祉科,1.0,preference,OK,
S00299,社会福祉科,医療法人社団 創生会,社会福祉科,2.0,preference,OK,
S00299,社会福祉科,社会医療法人寿栄会 ありまこうげんホスピタル,社会福祉科,3.0,preference,OK,
S00300,社会福祉科,株式会社スバコ・ケア・エンジニアリング,社会福祉科,1.0,preference,OK,
S00300,社会福祉科,社会福祉法人 大阪自彊館,社会福祉科,2.0,preference,OK,
S00300,社会福祉科,社会福祉法人 天心会 小阪病院,社会福祉科,3.0,preference,OK,
S00190,社会福祉科,医療法人 正正会 分野病院,社会福祉科,,assignment,OK,0.0
S00190,社会福祉科,社会福祉法人 天心会 小阪病院,社会福祉科,,assignment,OK,1.0
S00007,社会福祉科,医療法人 恒昭会(藍野病院・藍野花園病院・青葉丘病院),社会福祉科,,assignment,OK,0.0
S00007,社会福祉科,株式会社 絆ホールディングス,社会福祉科,,assignment,OK,1.0
S00130,社会福祉科,社会福祉法人 ヒューマンライツ福祉協会,社会福祉科,,assignment,OK,0.0
S00130,社会福祉科,社会福祉法人 天心会 小阪病院,社会福祉科,,assignment,OK,1.0
S00232,社会福祉科,社会福祉法人 みなと寮 (救護施設・特別養護老人ホーム),社会福祉科,,assignment,OK,0.0
S00232,社会福祉科,医療法人 正正会 分野病院,社会福祉科,,assignment,OK,1.0
S00236,社会福祉科,医療法人 恒昭会(藍野病院・藍野花園病院・青葉丘病院),社会福祉科,,assignment,OK,0.0
S00236,社会福祉科,社会福祉法人 南湖会【障がい児者支援事業】,社会福祉科,,assignment,OK,1.0
S00117,社会福祉科,医療法人 恒昭会(藍野病院・藍野花園病院・青葉丘病院),社会福祉科,,assignment,OK,0.0
S00117,社会福祉科,社会福祉法人 みなと寮 (救護施設・特別養護老人ホーム),社会福祉科,,assignment,OK,1.0
S00068,社会福祉科,社会医療法人寿栄会 ありまこうげんホスピタル,社会福祉科,,assignment,OK,0.0
S00068,社会福祉科,社会福祉法人 南湖会【障がい児者支援事業】,社会福祉科,,assignment,OK,1.0
S00087,社会福祉科,医療法人 正正会 分野病院,社会福祉科,,assignment,OK,0.0
S00087,社会福祉科,社会福祉法人 天心会 小阪病院,社会福祉科,,assignment,OK,1.0
S00016,社会福祉科,社会福祉法人 聖徳会,社会福祉科,,assignment,OK,0.0
S00016,社会福祉科,社会福祉法人 産経新聞厚生文化事業団,社会福祉科,,assignment,OK,1.0
S00002,社会福祉科,医療法人 恒昭会(藍野病院・藍野花園病院・青葉丘病院),社会福祉科,,assignment,OK,0.0
S00002,社会福祉科,社会医療法人寿栄会 ありまこうげんホスピタル,社会福祉科,,assignment,OK,1.0
S00187,社会福祉科,社会福祉法人 天心会 小阪病院,社会福祉科,,assignment,OK,0.0
S00187,社会福祉科,一般社団法人 水口病院,社会福祉科,,assignment,OK,1.0
S00126,社会福祉科,社会福祉法人 京都府社会福祉事業団,社会福祉科,,assignment,OK,0.0
S00126,社会福祉科,社会医療法人寿栄会 ありまこうげんホスピタル,社会福祉科,,assignment,OK,1.0
S00209,社会福祉科,株式会社スバコ・ケア・エンジニアリング,社会福祉科,,assignment,OK,0.0
S00209,社会福祉科,社会福祉法人 京都府社会福祉事業団,社会福祉科,,assignment,OK,1.0
S00076,社会福祉科,社会福祉法人 大阪自彊館,社会福祉科,,assignment,OK,0.0
S00076,社会福祉科,社会福祉法人 天心会 小阪病院,社会福祉科,,assignment,OK,1.0
S00179,社会福祉科,株式会社 T’Sコーポレーショングループ,社会福祉科,,assignment,OK,0.0
S00179,社会福祉科,社会福祉法人 ヒューマンライツ福祉協会,社会福祉科,,assignment,OK,1.0
S00286,社会福祉科,株式会社 シーアイ・パートナーズグループ,社会福祉科,,assignment,OK,0.0
S00286,社会福祉科,社会福祉法人 南湖会【障がい児者支援事業】,社会福祉科,,assignment,OK,1.0
S00264,社会福祉科,社会福祉法人 大阪自彊館,社会福祉科,,assignment,OK,0.0
S00264,社会福祉科,社会福祉法人 天心会 小阪病院,社会福祉科,,assignment,OK,1.0
S00280,社会福祉科,社会福祉法人 京都府社会福祉事業団,社会福祉科,,assignment,OK,0.0
S00280,社会福祉科,医療法人 正正会 分野病院,社会福祉科,,assignment,OK,1.0
S00069,社会福祉科,株式会社 T’Sコーポレーショングループ,社会福祉科,,assignment,OK,0.0
S00069,社会福祉科,社会福祉法人 大阪自彊館,社会福祉科,,assignment,OK,1.0
S00025,社会福祉科,社会医療法人寿栄会 ありまこうげんホスピタル,社会福祉科,,assignment,OK,0.0
S00025,社会福祉科,株式会社 シーアイ・パートナーズグループ,社会福祉科,,assignment,OK,1.0
S00075,社会福祉科,社会福祉法人 ヒューマンライツ福祉協会,社会福祉科,,assignment,OK,0.0
S00075,社会福祉科,株式会社スバコ・ケア・エンジニアリング,社会福祉科,,assignment,OK,1.0
S00033,社会福祉科,医療法人 恒昭会(藍野病院・藍野花園病院・青葉丘病院),社会福祉科,,assignment,OK,0.0
S00033,社会福祉科,社会福祉法人 ヒューマンライツ福祉協会,社会福祉科,,assignment,OK,1.0
S00297,社会福祉科,医療法人 恒昭会(藍野病院・藍野花園病院・青葉丘病院),社会福祉科,,assignment,OK,0.0
S00297,社会福祉科,社会福祉法人 天心会 小阪病院,社会福祉科,,assignment,OK,1.0
S00104,社会福祉科,公益財団法人 総合病院 浅香山病院,社会福祉科,,assignment,OK,0.0
S00104,社会福祉科,社会福祉法人 産経新聞厚生文化事業団,社会福祉科,,assignment,OK,1.0
S00269,社会福祉科,社会福祉法人 京都府社会福祉事業団,社会福祉科,,assignment,OK,0.0
S00269,社会福祉科,社会福祉法人 大阪自彊館,社会福祉科,,assignment,OK,1.0
S00170,社会福祉科,社会福祉法人 大阪自彊館,社会福祉科,,assignment,OK,0.0
S00170,社会福祉科,株式会社スバコ・ケア・エンジニアリング,社会福祉科,,assignment,OK,1.0
S00040,社会福祉科,社会医療法人寿栄会 ありまこうげんホスピタル,社会福祉科,,assignment,OK,0.0
S00040,社会福祉科,医療法人 恒昭会(藍野病院・藍野花園病院・青葉丘病院),社会福祉科,,assignment,OK,1.0
S00046,社会福祉科,社会福祉法人 聖徳会,社会福祉科,,assignment,OK,0.0
S00046,社会福祉科,社会福祉法人 ヒューマンライツ福祉協会,社会福祉科,,assignment,OK,1.0
S00123,社会福祉科,公益財団法人 総合病院 浅香山病院,社会福祉科,,assignment,OK,0.0
S00123,社会福祉科,社会福祉法人 京都府社会福祉事業団,社会福祉科,,assignment,OK,1.0
S00097,社会福祉科,社会福祉法人 天心会 小阪病院,社会福祉科,,assignment,OK,0.0
S00097,社会福祉科,社会福祉法人 大阪自彊館,社会福祉科,,assignment,OK,1.0
S00058,社会福祉科,医療法人 恒昭会(藍野病院・藍野花園病院・青葉丘病院),社会福祉科,,assignment,OK,0.0
S00058,社会福祉科,社会福祉法人 大阪自彊館,社会福祉科,,assignment,OK,1.0
S00206,社会福祉科,社会福祉法人 みなと寮 (救護施設・特別養護老人ホーム),社会福祉科,,assignment,OK,0.0
S00206,社会福祉科,社会福祉法人 産経新聞厚生文化事業団,社会福祉科,,assignment,OK,1.0
S00262,社会福祉科,公益財団法人 総合病院 浅香山病院,社会福祉科,,assignment,OK,0.0
S00262,社会福祉科,社会福祉法人 京都府社会福祉事業団,社会福祉科,,assignment,OK,1.0
S00141,社会福祉科,社会福祉法人 みなと寮 (救護施設・特別養護老人ホーム),社会福祉科,,assignment,OK,0.0
S00141,社会福祉科,株式会社 シーアイ・パートナーズグループ,社会福祉科,,assignment,OK,1.0
S00189,社会福祉科,一般社団法人 水口病院,社会福祉科,,assignment,OK,0.0
S00189,社会福祉科,社会福祉法人 聖徳会,社会福祉科,,assignment,OK,1.0
S00092,社会福祉科,一般社団法人 水口病院,社会福祉科,,assignment,OK,0.0
S00092,社会福祉科,社会福祉法人 京都府社会福祉事業団,社会福祉科,,assignment,OK,1.0
S00216,社会福祉科,社会医療法人寿栄会 ありまこうげんホスピタル,社会福祉科,,assignment,OK,0.0
S00216,社会福祉科,社会福祉法人 産経新聞厚生文化事業団,社会福祉科,,assignment,OK,1.0
S00299,社会福祉科,社会福祉法人 産経新聞厚生文化事業団,社会福祉科,,assignment,OK,0.0
S00299,社会福祉科,医療法人社団 創生会,社会福祉科,,assignment,OK,1.0
S00207,社会福祉科,社会福祉法人 ヒューマンライツ福祉協会,社会福祉科,,assignment,OK,0.0
S00207,社会福祉科,社会福祉法人 天心会 小阪病院,社会福祉科,,assignment,OK,1.0
S00196,社会福祉科,社会福祉法人 産経新聞厚生文化事業団,社会福祉科,,assignment,OK,0.0
S00196,社会福祉科,一般社団法人 水口病院,社会福祉科,,assignment,OK,1.0
S00006,社会福祉科,社会福祉法人 みなと寮 (救護施設・特別養護老人ホーム),社会福祉科,,assignment,OK,0.0
S00006,社会福祉科,公益財団法人 総合病院 浅香山病院,社会福祉科,,assignment,OK,1.0
S00088,社会福祉科,社会福祉法人 聖徳会,社会福祉科,,assignment,OK,0.0
S00088,社会福祉科,株式会社 T’Sコーポレーショングループ,社会福祉科,,assignment,OK,1.0
S00180,社会福祉科,株式会社スバコ・ケア・エンジニアリング,社会福祉科,,assignment,OK,0.0
S00180,社会福祉科,株式会社 T’Sコーポレーショングループ,社会福祉科,,assignment,OK,1.0
S00146,社会福祉科,医療法人 正正会 分野病院,社会福祉科,,assignment,OK,0.0
S00146,社会福祉科,公益財団法人 総合病院 浅香山病院,社会福祉科,,assignment,OK,1.0
S00212,社会福祉科,医療法人社団 創生会,社会福祉科,,assignment,OK,0.0
S00212,社会福祉科,社会福祉法人 みなと寮 (救護施設・特別養護老人ホーム),社会福祉科,,assignment,OK,1.0
S00226,社会福祉科,医療法人社団 創生会,社会福祉科,,assignment,OK,0.0
S00226,社会福祉科,公益財団法人 総合病院 浅香山病院,社会福祉科,,assignment,OK,1.0
S00024,社会福祉科,株式会社 T’Sコーポレーショングループ,社会福祉科,,assignment,OK,0.0
S00024,社会福祉科,社会福祉法人 ヒューマンライツ福祉協会,社会福祉科,,assignment,OK,1.0
S00051,社会福祉科,一般社団法人 水口病院,社会福祉科,,assignment,OK,0.0
S00051,社会福祉科,株式会社 絆ホールディングス,社会福祉科,,assignment,OK,1.0
S00283,社会福祉科,社会福祉法人 京都府社会福祉事業団,社会福祉科,,assignment,OK,0.0
S00283,社会福祉科,社会医療法人寿栄会 ありまこうげんホスピタル,社会福祉科,,assignment,OK,1.0
S00168,社会福祉科,株式会社 絆ホールディングス,社会福祉科,,assignment,OK,0.0
S00168,社会福祉科,社会福祉法人 南湖会【障がい児者支援事業】,社会福祉科,,assignment,OK,1.0
S00186,社会福祉科,株式会社 T’Sコーポレーショングループ,社会福祉科,,assignment,OK,0.0
S00186,社会福祉科,株式会社 絆ホールディングス,社会福祉科,,assignment,OK,1.0
S00159,社会福祉科,社会福祉法人 京都府社会福祉事業団,社会福祉科,,assignment,OK,0.0
S00159,社会福祉科,医療法人 正正会 分野病院,社会福祉科,,assignment,OK,1.0
S00106,社会福祉科,株式会社 絆ホールディングス,社会福祉科,,assignment,OK,0.0
S00106,社会福祉科,社会福祉法人 京都府社会福祉事業団,社会福祉科,,assignment,OK,1.0
S00150,社会福祉科,医療法人社団 創生会,社会福祉科,,assignment,OK,0.0
S00150,社会福祉科,株式会社 T’Sコーポレーショングループ,社会福祉科,,assignment,OK,1.0
S00041,社会福祉科,医療法人社団 創生会,社会福祉科,,assignment,OK,0.0
S00041,社会福祉科,株式会社 絆ホールディングス,社会福祉科,,assignment,OK,1.0
S00200,社会福祉科,社会医療法人寿栄会 ありまこうげんホスピタル,社会福祉科,,assignment,OK,0.0
S00200,社会福祉科,社会福祉法人 京都府社会福祉事業団,社会福祉科,,assignment,OK,1.0
S00215,社会福祉科,医療法人 正正会 分野病院,社会福祉科,,assignment,OK,0.0
S00183,社会福祉科,社会福祉法人 産経新聞厚生文化事業団,社会福祉科,,assignment,OK,0.0
S00183,社会福祉科,社会福祉法人 聖徳会,社会福祉科,,assignment,OK,1.0
S00260,社会福祉科,一般社団法人 水口病院,社会福祉科,,assignment,OK,0.0
S00260,社会福祉科,公益財団法人 総合病院 浅香山病院,社会福祉科,,assignment,OK,1.0
S00244,社会福祉科,社会福祉法人 大阪自彊館,社会福祉科,,assignment,OK,0.0
S00244,社会福祉科,株式会社 絆ホールディングス,社会福祉科,,assignment,OK,1.0
S00239,社会福祉科,一般社団法人 水口病院,社会福祉科,,assignment,OK,0.0
S00239,社会福祉科,社会福祉法人 天心会 小阪病院,社会福祉科,,assignment,OK,1.0
S00057,社会福祉科,医療法人 恒昭会(藍野病院・藍野花園病院・青葉丘病院),社会福祉科,,assignment,OK,0.0
S00057,社会福祉科,株式会社 T’Sコーポレーショングループ,社会福祉科,,assignment,OK,1.0
S00243,社会福祉科,社会福祉法人 大阪自彊館,社会福祉科,,assignment,OK,0.0
S00243,社会福祉科,社会福祉法人 産経新聞厚生文化事業団,社会福祉科,,assignment,OK,1.0
S00027,社会福祉科,一般社団法人 水口病院,社会福祉科,,assignment,OK,0.0
S00027,社会福祉科,株式会社 絆ホールディングス,社会福祉科,,assignment,OK,1.0
S00174,社会福祉科,社会福祉法人 産経新聞厚生文化事業団,社会福祉科,,assignment,OK,0.0
S00174,社会福祉科,一般社団法人 水口病院,社会福祉科,,assignment,OK,1.0
S00045,社会福祉科,社会医療法人寿栄会 ありまこうげんホスピタル,社会福祉科,,assignment,OK,0.0
S00045,社会福祉科,医療法人 正正会 分野病院,社会福祉科,,assignment,OK,1.0
S00251,社会福祉科,社会福祉法人 天心会 小阪病院,社会福祉科,,assignment,OK,0.0
S00251,社会福祉科,株式会社 T’Sコーポレーショングループ,社会福祉科,,assignment,OK,1.0
S00261,社会福祉科,一般社団法人 水口病院,社会福祉科,,assignment,OK,0.0
S00261,社会福祉科,社会福祉法人 京都府社会福祉事業団,社会福祉科,,assignment,OK,1.0
S00277,社会福祉科,医療法人 恒昭会(藍野病院・藍野花園病院・青葉丘病院),社会福祉科,,assignment,OK,0.0
S00277,社会福祉科,一般社団法人 水口病院,社会福祉科,,assignment,OK,1.0
S00004,社会福祉科,社会福祉法人 京都府社会福祉事業団,社会福祉科,,assignment,OK,0.0
S00004,社会福祉科,社会医療法人寿栄会 ありまこうげんホスピタル,社会福祉科,,assignment,OK,1.0
S00259,社会福祉科,医療法人 恒昭会(藍野病院・藍野花園病院・青葉丘病院),社会福祉科,,assignment,OK,0.0
S00259,社会福祉科,株式会社 シーアイ・パートナーズグループ,社会福祉科,,assignment,OK,1.0
S00134,社会福祉科,社会福祉法人 みなと寮 (救護施設・特別養護老人ホーム),社会福祉科,,assignment,OK,0.0
S00134,社会福祉科,社会福祉法人 南湖会【障がい児者支援事業】,社会福祉科,,assignment,OK,1.0
S00039,社会福祉科,株式会社 絆ホールディングス,社会福祉科,,assignment,OK,0.0
S00039,社会福祉科,株式会社 T’Sコーポレーショングループ,社会福祉科,,assignment,OK,1.0
S00240,社会福祉科,株式会社スバコ・ケア・エンジニアリング,社会福祉科,,assignment,OK,0.0
S00240,社会福祉科,公益財団法人 総合病院 浅香山病院,社会福祉科,,assignment,OK,1.0
S00270,社会福祉科,社会福祉法人 大阪自彊館,社会福祉科,,assignment,OK,0.0
S00270,社会福祉科,社会福祉法人 聖徳会,社会福祉科,,assignment,OK,1.0
S00249,社会福祉科,社会福祉法人 みなと寮 (救護施設・特別養護老人ホーム),社会福祉科,,assignment,OK,0.0
S00249,社会福祉科,医療法人 恒昭会(藍野病院・藍野花園病院・青葉丘病院),社会福祉科,,assignment,OK,1.0
S00131,社会福祉科,株式会社 絆ホールディングス,社会福祉科,,assignment,OK,0.0
S00131,社会福祉科,社会福祉法人 京都府社会福祉事業団,社会福祉科,,assignment,OK,1.0
S00231,社会福祉科,社会医療法人寿栄会 ありまこうげんホスピタル,社会福祉科,,assignment,OK,0.0
S00231,社会福祉科,社会福祉法人 ヒューマンライツ福祉協会,社会福祉科,,assignment,OK,1.0
S00291,社会福祉科,社会福祉法人 聖徳会,社会福祉科,,assignment,OK,0.0
S00291,社会福祉科,医療法人 正正会 分野病院,社会福祉科,,assignment,OK,1.0
S00273,社会福祉科,公益財団法人 総合病院 浅香山病院,社会福祉科,,assignment,OK,0.0
S00273,社会福祉科,社会福祉法人 京都府社会福祉事業団,社会福祉科,,assignment,OK,1.0
S00111,社会福祉科,社会福祉法人 聖徳会,社会福祉科,,assignment,OK,0.0
S00111,社会福祉科,社会福祉法人 南湖会【障がい児者支援事業】,社会福祉科,,assignment,OK,1.0
S00073,社会福祉科,社会福祉法人 聖徳会,社会福祉科,,assignment,OK,0.0
S00073,社会福祉科,株式会社スバコ・ケア・エンジニアリング,社会福祉科,,assignment,OK,1.0
S00136,社会福祉科,社会福祉法人 ヒューマンライツ福祉協会,社会福祉科,,assignment,OK,0.0
S00136,社会福祉科,社会福祉法人 京都府社会福祉事業団,社会福祉科,,assignment,OK,1.0
S00160,社会福祉科,社会福祉法人 みなと寮 (救護施設・特別養護老人ホーム),社会福祉科,,assignment,OK,0.0
S00160,社会福祉科,一般社団法人 水口病院,社会福祉科,,assignment,OK,1.0
S00099,社会福祉科,社会福祉法人 京都府社会福祉事業団,社会福祉科,,assignment,OK,0.0
S00099,社会福祉科,社会福祉法人 大阪自彊館,社会福祉科,,assignment,OK,1.0
S00282,社会福祉科,社会福祉法人 京都府社会福祉事業団,社会福祉科,,assignment,OK,0.0
S00282,社会福祉科,社会福祉法人 大阪自彊館,社会福祉科,,assignment,OK,1.0
S00233,社会福祉科,社会福祉法人 南湖会【障がい児者支援事業】,社会福祉科,,assignment,OK,0.0
S00233,社会福祉科,一般社団法人 水口病院,社会福祉科,,assignment,OK,1.0
S00020,社会福祉科,公益財団法人 総合病院 浅香山病院,社会福祉科,,assignment,OK,0.0
S00020,社会福祉科,株式会社スバコ・ケア・エンジニアリング,社会福祉科,,assignment,OK,1.0
S00210,社会福祉科,株式会社 絆ホールディングス,社会福祉科,,assignment,OK,0.0
S00210,社会福祉科,医療法人 恒昭会(藍野病院・藍野花園病院・青葉丘病院),社会福祉科,,assignment,OK,1.0
S00086,社会福祉科,医療法人 正正会 分野病院,社会福祉科,,assignment,OK,0.0
S00086,社会福祉科,医療法人社団 創生会,社会福祉科,,assignment,OK,1.0
S00224,社会福祉科,社会福祉法人 聖徳会,社会福祉科,,assignment,OK,0.0
S00224,社会福祉科,一般社団法人 水口病院,社会福祉科,,assignment,OK,1.0
S00095,社会福祉科,社会福祉法人 みなと寮 (救護施設・特別養護老人ホーム),社会福祉科,,assignment,OK,0.0
S00095,社会福祉科,社会福祉法人 天心会 小阪病院,社会福祉科,,assignment,OK,1.0
S00221,社会福祉科,株式会社 シーアイ・パートナーズグループ,社会福祉科,,assignment,OK,0.0
S00221,社会福祉科,医療法人 恒昭会(藍野病院・藍野花園病院・青葉丘病院),社会福祉科,,assignment,OK,1.0
S00185,社会福祉科,株式会社 絆ホールディングス,社会福祉科,,assignment,OK,0.0
S00185,社会福祉科,社会福祉法人 ヒューマンライツ福祉協会,社会福祉科,,assignment,OK,1.0
S00205,社会福祉科,社会福祉法人 聖徳会,社会福祉科,,assignment,OK,0.0
S00205,社会福祉科,社会福祉法人 大阪自彊館,社会福祉科,,assignment,OK,1.0
S00254,社会福祉科,株式会社 T’Sコーポレーショングループ,社会福祉科,,assignment,OK,0.0
S00254,社会福祉科,社会福祉法人 大阪自彊館,社会福祉科,,assignment,OK,1.0
S00022,社会福祉科,社会福祉法人 南湖会【障がい児者支援事業】,社会福祉科,,assignment,OK,0.0
S00022,社会福祉科,株式会社スバコ・ケア・エンジニアリング,社会福祉科,,assignment,OK,1.0
S00288,社会福祉科,社会福祉法人 みなと寮 (救護施設・特別養護老人ホーム),社会福祉科,,assignment,OK,0.0
S00288,社会福祉科,社会医療法人寿栄会 ありまこうげんホスピタル,社会福祉科,,assignment,OK,1.0
S00118,社会福祉科,株式会社 絆ホールディングス,社会福祉科,,assignment,OK,0.0
S00118,社会福祉科,一般社団法人 水口病院,社会福祉科,,assignment,OK,1.0
S00157,社会福祉科,社会福祉法人 大阪自彊館,社会福祉科,,assignment,OK,0.0
S00157,社会福祉科,医療法人 恒昭会(藍野病院・藍野花園病院・青葉丘病院),社会福祉科,,assignment,OK,1.0
S00135,社会福祉科,社会福祉法人 聖徳会,社会福祉科,,assignment,OK,0.0
S00135,社会福祉科,医療法人 恒昭会(藍野病院・藍野花園病院・青葉丘病院),社会福祉科,,assignment,OK,1.0
S00271,社会福祉科,株式会社スバコ・ケア・エンジニアリング,社会福祉科,,assignment,OK,0.0
S00271,社会福祉科,社会福祉法人 みなと寮 (救護施設・特別養護老人ホーム),社会福祉科,,assignment,OK,1.0
S00151,社会福祉科,株式会社スバコ・ケア・エンジニアリング,社会福祉科,,assignment,OK,0.0
S00151,社会福祉科,社会福祉法人 ヒューマンライツ福祉協会,社会福祉科,,assignment,OK,1.0
S00274,社会福祉科,株式会社 絆ホールディングス,社会福祉科,,assignment,OK,0.0
S00274,社会福祉科,社会福祉法人 聖徳会,社会福祉科,,assignment,OK,1.0
S00014,社会福祉科,社会医療法人寿栄会 ありまこうげんホスピタル,社会福祉科,,assignment,OK,0.0
S00014,社会福祉科,社会福祉法人 みなと寮 (救護施設・特別養護老人ホーム),社会福祉科,,assignment,OK,1.0
S00173,社会福祉科,医療法人社団 創生会,社会福祉科,,assignment,OK,0.0
S00173,社会福祉科,社会医療法人寿栄会 ありまこうげんホスピタル,社会福祉科,,assignment,OK,1.0
S00152,社会福祉科,株式会社 絆ホールディングス,社会福祉科,,assignment,OK,0.0
S00152,社会福祉科,社会医療法人寿栄会 ありまこうげんホスピタル,社会福祉科,,assignment,OK,1.0
S00102,社会福祉科,社会福祉法人 聖徳会,社会福祉科,,assignment,OK,0.0
S00102,社会福祉科,医療法人 正正会 分野病院,社会福祉科,,assignment,OK,1.0
S00085,社会福祉科,社会福祉法人 産経新聞厚生文化事業団,社会福祉科,,assignment,OK,0.0
S00085,社会福祉科,社会福祉法人 大阪自彊館,社会福祉科,,assignment,OK,1.0
S00298,社会福祉科,社会福祉法人 大阪自彊館,社会福祉科,,assignment,OK,0.0
S00298,社会福祉科,株式会社スバコ・ケア・エンジニアリング,社会福祉科,,assignment,OK,1.0
S00056,社会福祉科,社会福祉法人 聖徳会,社会福祉科,,assignment,OK,1.0
S00056,社会福祉科,医療法人 恒昭会(藍野病院・藍野花園病院・青葉丘病院),社会福祉科,,assignment,OK,2.0
S00181,社会福祉科,社会福祉法人 天心会 小阪病院,社会福祉科,,assignment,OK,0.0
S00181,社会福祉科,医療法人 恒昭会(藍野病院・藍野花園病院・青葉丘病院),社会福祉科,,assignment,OK,1.0
S00194,社会福祉科,社会福祉法人 京都府社会福祉事業団,社会福祉科,,assignment,OK,0.0
S00194,社会福祉科,社会福祉法人 天心会 小阪病院,社会福祉科,,assignment,OK,1.0
S00122,社会福祉科,社会福祉法人 京都府社会福祉事業団,社会福祉科,,assignment,OK,0.0
S00122,社会福祉科,社会福祉法人 ヒューマンライツ福祉協会,社会福祉科,,assignment,OK,1.0
S00246,社会福祉科,株式会社 T’Sコーポレーショングループ,社会福祉科,,assignment,OK,0.0
S00246,社会福祉科,社会福祉法人 南湖会【障がい児者支援事業】,社会福祉科,,assignment,OK,1.0
S00279,社会福祉科,公益財団法人 総合病院 浅香山病院,社会福祉科,,assignment,OK,0.0
S00279,社会福祉科,医療法人 恒昭会(藍野病院・藍野花園病院・青葉丘病院),社会福祉科,,assignment,OK,1.0
S00053,社会福祉科,医療法人社団 創生会,社会福祉科,,assignment,OK,0.0
S00053,社会福祉科,社会医療法人寿栄会 ありまこうげんホスピタル,社会福祉科,,assignment,OK,1.0
S00035,社会福祉科,社会福祉法人 みなと寮 (救護施設・特別養護老人ホーム),社会福祉科,,assignment,OK,0.0
S00035,社会福祉科,社会福祉法人 ヒューマンライツ福祉協会,社会福祉科,,assignment,OK,1.0
S00028,社会福祉科,株式会社スバコ・ケア・エンジニアリング,社会福祉科,,assignment,OK,0.0
S00028,社会福祉科,社会福祉法人 南湖会【障がい児者支援事業】,社会福祉科,,assignment,OK,1.0
S00284,社会福祉科,社会福祉法人 南湖会【障がい児者支援事業】,社会福祉科,,assignment,OK,0.0
S00284,社会福祉科,株式会社スバコ・ケア・エンジニアリング,社会福祉科,,assignment,OK,1.0
S00038,社会福祉科,株式会社スバコ・ケア・エンジニアリング,社会福祉科,,assignment,OK,0.0
S00038,社会福祉科,社会福祉法人 南湖会【障がい児者支援事業】,社会福祉科,,assignment,OK,1.0
S00198,社会福祉科,株式会社スバコ・ケア・エンジニアリング,社会福祉科,,assignment,OK,0.0
S00198,社会福祉科,社会福祉法人 産経新聞厚生文化事業団,社会福祉科,,assignment,OK,1.0
S00037,社会福祉科,一般社団法人 水口病院,社会福祉科,,assignment,OK,0.0
S00037,社会福祉科,社会福祉法人 ヒューマンライツ福祉協会,社会福祉科,,assignment,OK,1.0
S00060,社会福祉科,医療法人 恒昭会(藍野病院・藍野花園病院・青葉丘病院),社会福祉科,,assignment,OK,1.0
S00060,社会福祉科,社会福祉法人 みなと寮 (救護施設・特別養護老人ホーム),社会福祉科,,assignment,OK,2.0
S00253,社会福祉科,一般社団法人 水口病院,社会福祉科,,assignment,OK,0.0
S00253,社会福祉科,社会福祉法人 大阪自彊館,社会福祉科,,assignment,OK,1.0
S00230,社会福祉科,医療法人社団 創生会,社会福祉科,,assignment,OK,0.0
S00230,社会福祉科,医療法人 恒昭会(藍野病院・藍野花園病院・青葉丘病院),社会福祉科,,assignment,OK,1.0
S00107,社会福祉科,株式会社 T’Sコーポレーショングループ,社会福祉科,,assignment,OK,1.0
S00107,社会福祉科,社会福祉法人 京都府社会福祉事業団,社会福祉科,,assignment,OK,2.0
S00300,社会福祉科,社会福祉法人 大阪自彊館,社会福祉科,,assignment,OK,0.0
S00300,社会福祉科,株式会社スバコ・ケア・エンジニアリング,社会福祉科,,assignment,OK,1.0
S00217,社会福祉科,一般社団法人 水口病院,社会福祉科,,assignment,OK,1.0
S00217,社会福祉科,医療法人 恒昭会(藍野病院・藍野花園病院・青葉丘病院),社会福祉科,,assignment,OK,2.0
S00015,社会福祉科,社会福祉法人 京都府社会福祉事業団,社会福祉科,,assignment,OK,2.0
S00026,社会福祉科,株式会社スバコ・ケア・エンジニアリング,社会福祉科,,assignment,OK,0.0
S00026,社会福祉科,一般社団法人 水口病院,社会福祉科,,assignment,OK,1.0
S00266,社会福祉科,株式会社 T’Sコーポレーショングループ,社会福祉科,,assignment,OK,0.0
S00266,社会福祉科,社会福祉法人 産経新聞厚生文化事業団,社会福祉科,,assignment,OK,1.0
S00265,社会福祉科,医療法人 正正会 分野病院,社会福祉科,,assignment,OK,0.0
S00265,社会福祉科,社会福祉法人 みなと寮 (救護施設・特別養護老人ホーム),社会福祉科,,assignment,OK,1.0
S00166,社会福祉科,医療法人社団 創生会,社会福祉科,,assignment,OK,0.0
S00166,社会福祉科,株式会社 絆ホールディングス,社会福祉科,,assignment,OK,1.0
S00137,社会福祉科,医療法人社団 創生会,社会福祉科,,assignment,OK,0.0
S00137,社会福祉科,株式会社 シーアイ・パートナーズグループ,社会福祉科,,assignment,OK,1.0
S00143,社会福祉科,公益財団法人 総合病院 浅香山病院,社会福祉科,,assignment,OK,0.0
S00143,社会福祉科,株式会社 T’Sコーポレーショングループ,社会福祉科,,assignment,OK,1.0
S00101,社会福祉科,株式会社 絆ホールディングス,社会福祉科,,assignment,OK,0.0
S00101,社会福祉科,社会福祉法人 みなと寮 (救護施設・特別養護老人ホーム),社会福祉科,,assignment,OK,1.0
S00011,社会福祉科,社会福祉法人 ヒューマンライツ福祉協会,社会福祉科,,assignment,OK,0.0
S00011,社会福祉科,株式会社 T’Sコーポレーショングループ,社会福祉科,,assignment,OK,1.0
S00167,社会福祉科,株式会社スバコ・ケア・エンジニアリング,社会福祉科,,assignment,OK,0.0
S00167,社会福祉科,株式会社 絆ホールディングス,社会福祉科,,assignment,OK,1.0
S00031,社会福祉科,社会福祉法人 天心会 小阪病院,社会福祉科,,assignment,OK,0.0
S00031,社会福祉科,医療法人 正正会 分野病院,社会福祉科,,assignment,OK,1.0
S00250,社会福祉科,社会福祉法人 聖徳会,社会福祉科,,assignment,OK,1.0
S00250,社会福祉科,株式会社 絆ホールディングス,社会福祉科,,assignment,OK,2.0
S00293,社会福祉科,株式会社 シーアイ・パートナーズグループ,社会福祉科,,assignment,OK,0.0
S00293,社会福祉科,社会福祉法人 みなと寮 (救護施設・特別養護老人ホーム),社会福祉科,,assignment,OK,1.0
S00276,社会福祉科,株式会社 シーアイ・パートナーズグループ,社会福祉科,,assignment,OK,0.0
S00276,社会福祉科,公益財団法人 総合病院 浅香山病院,社会福祉科,,assignment,OK,1.0
S00235,社会福祉科,株式会社 シーアイ・パートナーズグループ,社会福祉科,,assignment,OK,0.0
S00235,社会福祉科,社会福祉法人 産経新聞厚生文化事業団,社会福祉科,,assignment,OK,1.0
S00049,社会福祉科,株式会社 シーアイ・パートナーズグループ,社会福祉科,,assignment,OK,0.0
S00049,社会福祉科,社会医療法人寿栄会 ありまこうげんホスピタル,社会福祉科,,assignment,OK,1.0
S00120,社会福祉科,公益財団法人 総合病院 浅香山病院,社会福祉科,,assignment,OK,0.0
S00120,社会福祉科,社会福祉法人 聖徳会,社会福祉科,,assignment,OK,1.0
S00091,社会福祉科,社会福祉法人 京都府社会福祉事業団,社会福祉科,,assignment,OK,2.0
S00110,社会福祉科,社会福祉法人 天心会 小阪病院,社会福祉科,,assignment,OK,0.0
S00110,社会福祉科,医療法人社団 創生会,社会福祉科,,assignment,OK,1.0
S00195,社会福祉科,公益財団法人 総合病院 浅香山病院,社会福祉科,,assignment,OK,1.0
S00195,社会福祉科,医療法人 恒昭会(藍野病院・藍野花園病院・青葉丘病院),社会福祉科,,assignment,OK,2.0
S00285,社会福祉科,社会福祉法人 ヒューマンライツ福祉協会,社会福祉科,,assignment,OK,0.0
S00285,社会福祉科,株式会社スバコ・ケア・エンジニアリング,社会福祉科,,assignment,OK,1.0
S00133,社会福祉科,社会福祉法人 大阪自彊館,社会福祉科,,assignment,OK,0.0
S00133,社会福祉科,社会医療法人寿栄会 ありまこうげんホスピタル,社会福祉科,,assignment,OK,1.0
S00105,社会福祉科,一般社団法人 水口病院,社会福祉科,,assignment,OK,0.0
S00105,社会福祉科,株式会社 絆ホールディングス,社会福祉科,,assignment,OK,1.0
S00290,社会福祉科,社会福祉法人 聖徳会,社会福祉科,,assignment,OK,1.0
S00290,社会福祉科,社会福祉法人 みなと寮 (救護施設・特別養護老人ホーム),社会福祉科,,assignment,OK,2.0
S00034,社会福祉科,社会福祉法人 ヒューマンライツ福祉協会,社会福祉科,,assignment,OK,0.0
S00202,社会福祉科,公益財団法人 総合病院 浅香山病院,社会福祉科,,assignment,OK,0.0
S00202,社会福祉科,社会福祉法人 聖徳会,社会福祉科,,assignment,OK,1.0
S00019,社会福祉科,社会医療法人寿栄会 ありまこうげんホスピタル,社会福祉科,,assignment,OK,0.0
S00019,社会福祉科,株式会社 シーアイ・パートナーズグループ,社会福祉科,,assignment,OK,1.0
S00003,社会福祉科,社会福祉法人 聖徳会,社会福祉科,,assignment,OK,1.0
S00003,社会福祉科,一般社団法人 水口病院,社会福祉科,,assignment,OK,2.0
S00059,社会福祉科,公益財団法人 総合病院 浅香山病院,社会福祉科,,assignment,OK,0.0
S00059,社会福祉科,社会福祉法人 産経新聞厚生文化事業団,社会福祉科,,assignment,OK,1.0
S00204,社会福祉科,株式会社 T’Sコーポレーショングループ,社会福祉科,,assignment,OK,0.0
S00204,社会福祉科,公益財団法人 総合病院 浅香山病院,社会福祉科,,assignment,OK,1.0
S00013,社会福祉科,株式会社 T’Sコーポレーショングループ,社会福祉科,,assignment,OK,1.0
S00013,社会福祉科,一般社団法人 水口病院,社会福祉科,,assignment,OK,2.0
S00084,社会福祉科,株式会社 T’Sコーポレーショングループ,社会福祉科,,assignment,OK,0.0
S00138,社会福祉科,社会福祉法人 みなと寮 (救護施設・特別養護老人ホーム),社会福祉科,,assignment,OK,1.0
S00138,社会福祉科,社会福祉法人 京都府社会福祉事業団,社会福祉科,,assignment,OK,2.0
S00100,社会福祉科,社会福祉法人 南湖会【障がい児者支援事業】,社会福祉科,,assignment,OK,0.0
S00100,社会福祉科,株式会社 絆ホールディングス,社会福祉科,,assignment,OK,1.0
S00252,社会福祉科,株式会社 T’Sコーポレーショングループ,社会福祉科,,assignment,OK,0.0
S00079,社会福祉科,医療法人 正正会 分野病院,社会福祉科,,assignment,OK,0.0
S00079,社会福祉科,医療法人社団 創生会,社会福祉科,,assignment,OK,1.0
S00238,社会福祉科,社会福祉法人 南湖会【障がい児者支援事業】,社会福祉科,,assignment,OK,1.0
S00238,社会福祉科,株式会社 絆ホールディングス,社会福祉科,,assignment,OK,2.0
S00272,社会福祉科,社会福祉法人 大阪自彊館,社会福祉科,,assignment,OK,2.0
S00061,社会福祉科,社会福祉法人 産経新聞厚生文化事業団,社会福祉科,,assignment,OK,1.0
S00061,社会福祉科,社会福祉法人 大阪自彊館,社会福祉科,,assignment,OK,2.0
S00218,社会福祉科,公益財団法人 総合病院 浅香山病院,社会福祉科,,assignment,OK,1.0
S00218,社会福祉科,社会福祉法人 みなと寮 (救護施設・特別養護老人ホーム),社会福祉科,,assignment,OK,2.0
S00094,社会福祉科,医療法人社団 創生会,社会福祉科,,assignment,OK,1.0
S00094,社会福祉科,株式会社 T’Sコーポレーショングループ,社会福祉科,,assignment,OK,2.0
S00154,社会福祉科,株式会社 絆ホールディングス,社会福祉科,,assignment,OK,2.0
S00161,社会福祉科,社会福祉法人 京都府社会福祉事業団,社会福祉科,,assignment,OK,2.0
S00050,社会福祉科,医療法人 恒昭会(藍野病院・藍野花園病院・青葉丘病院),社会福祉科,,assignment,OK,2.0
S00124,社会福祉科,社会福祉法人 みなと寮 (救護施設・特別養護老人ホーム),社会福祉科,,assignment,OK,1.0
S00124,社会福祉科,株式会社 絆ホールディングス,社会福祉科,,assignment,OK,2.0
S00223,社会福祉科,医療法人社団 創生会,社会福祉科,,assignment,OK,1.0
S00223,社会福祉科,医療法人 恒昭会(藍野病院・藍野花園病院・青葉丘病院),社会福祉科,,assignment,OK,2.0
S00043,社会福祉科,公益財団法人 総合病院 浅香山病院,社会福祉科,,assignment,OK,1.0
S00043,社会福祉科,株式会社 絆ホールディングス,社会福祉科,,assignment,OK,2.0
S00080,社会福祉科,公益財団法人 総合病院 浅香山病院,社会福祉科,,assignment,OK,2.0
S00115,社会福祉科,社会医療法人寿栄会 ありまこうげんホスピタル,社会福祉科,,assignment,OK,0.0
S00093,社会福祉科,社会福祉法人 ヒューマンライツ福祉協会,社会福祉科,,assignment,OK,0.0
S00247,社会福祉科,社会福祉法人 みなと寮 (救護施設・特別養護老人ホーム),社会福祉科,,assignment,OK,1.0
S00247,社会福祉科,社会福祉法人 京都府社会福祉事業団,社会福祉科,,assignment,OK,2.0
S00116,社会福祉科,社会福祉法人 聖徳会,社会福祉科,,assignment,OK,2.0
S00184,社会福祉科,医療法人 恒昭会(藍野病院・藍野花園病院・青葉丘病院),社会福祉科,,assignment,OK,2.0
S00074,社会福祉科,株式会社スバコ・ケア・エンジニアリング,社会福祉科,,assignment,OK,1.0
S00074,社会福祉科,医療法人 恒昭会(藍野病院・藍野花園病院・青葉丘病院),社会福祉科,,assignment,OK,2.0
S00257,社会福祉科,公益財団法人 総合病院 浅香山病院,社会福祉科,,assignment,OK,2.0
S00155,社会福祉科,医療法人社団 創生会,社会福祉科,,assignment,OK,1.0
S00089,社会福祉科,医療法人 正正会 分野病院,社会福祉科,,assignment,OK,1.0
S00089,社会福祉科,株式会社 絆ホールディングス,社会福祉科,,assignment,OK,2.0
S00267,社会福祉科,株式会社 絆ホールディングス,社会福祉科,,assignment,OK,2.0
S00241,社会福祉科,社会福祉法人 大阪自彊館,社会福祉科,,assignment,OK,2.0
S00140,社会福祉科,医療法人社団 創生会,社会福祉科,,assignment,OK,1.0
S00140,社会福祉科,医療法人 恒昭会(藍野病院・藍野花園病院・青葉丘病院),社会福祉科,,assignment,OK,2.0
S00237,社会福祉科,社会福祉法人 聖徳会,社会福祉科,,assignment,OK,2.0
S00275,社会福祉科,医療法人 正正会 分野病院,社会福祉科,,assignment,OK,1.0
S00275,社会福祉科,医療法人 恒昭会(藍野病院・藍野花園病院・青葉丘病院),社会福祉科,,assignment,OK,2.0
S00054,社会福祉科,社会福祉法人 ヒューマンライツ福祉協会,社会福祉科,,assignment,OK,0.0
S00248,社会福祉科,社会福祉法人 ヒューマンライツ福祉協会,社会福祉科,,assignment,OK,0.0
S00248,社会福祉科,医療法人 正正会 分野病院,社会福祉科,,assignment,OK,1.0
S00036,社会福祉科,株式会社スバコ・ケア・エンジニアリング,社会福祉科,,assignment,OK,2.0
S00294,社会福祉科,社会医療法人寿栄会 ありまこうげんホスピタル,社会福祉科,,assignment,OK,2.0
S00129,社会福祉科,株式会社スバコ・ケア・エンジニアリング,社会福祉科,,assignment,OK,2.0
S00127,社会福祉科,株式会社 絆ホールディングス,社会福祉科,,assignment,OK,2.0
S00023,社会福祉科,公益財団法人 総合病院 浅香山病院,社会福祉科,,assignment,OK,2.0
S00268,社会福祉科,社会福祉法人 聖徳会,社会福祉科,,assignment,OK,2.0
S00242,社会福祉科,株式会社 絆ホールディングス,社会福祉科,,assignment,OK,2.0
S00042,社会福祉科,社会福祉法人 京都府社会福祉事業団,社会福祉科,,assignment,OK,2.0
S00227,社会福祉科,医療法人 正正会 分野病院,社会福祉科,,assignment,OK,0.0
S00227,社会福祉科,株式会社 シーアイ・パートナーズグループ,社会福祉科,,assignment,OK,1.0
S00201,社会福祉科,社会福祉法人 聖徳会,社会福祉科,,assignment,OK,2.0
S00171,社会福祉科,社会福祉法人 天心会 小阪病院,社会福祉科,,assignment,OK,0.0
S00108,社会福祉科,社会福祉法人 ヒューマンライツ福祉協会,社会福祉科,,assignment,OK,2.0
S00149,社会福祉科,社会福祉法人 ヒューマンライツ福祉協会,社会福祉科,,assignment,OK,2.0
S00203,社会福祉科,公益財団法人 総合病院 浅香山病院,社会福祉科,,assignment,OK,2.0
S00048,社会福祉科,株式会社スバコ・ケア・エンジニアリング,社会福祉科,,assignment,OK,2.0
S00047,社会福祉科,社会福祉法人 南湖会【障がい児者支援事業】,社会福祉科,,assignment,OK,0.0
S00047,社会福祉科,医療法人社団 創生会,社会福祉科,,assignment,OK,1.0
S00295,社会福祉科,医療法人社団 創生会,社会福祉科,,assignment,OK,1.0
S00295,社会福祉科,社会福祉法人 聖徳会,社会福祉科,,assignment,OK,2.0
S00119,社会福祉科,医療法人 恒昭会(藍野病院・藍野花園病院・青葉丘病院),社会福祉科,,assignment,OK,2.0
S00199,社会福祉科,株式会社スバコ・ケア・エンジニアリング,社会福祉科,,assignment,OK,2.0
S00096,社会福祉科,社会福祉法人 大阪自彊館,社会福祉科,,assignment,OK,2.0
S00192,社会福祉科,社会福祉法人 天心会 小阪病院,社会福祉科,,assignment,OK,0.0
S00001,社会福祉科,医療法人 正正会 分野病院,社会福祉科,,assignment,OK,0.0
S00067,社会福祉科,児童発達支援・放課後等デイサービスLUMO (株式会社 Gotoschoolグループ募集),社会福祉科,,assignment,OK,0.0
S00070,社会福祉科,社会福祉法人 京都府社会福祉事業団,社会福祉科,,assignment,OK,2.0
S00263,社会福祉科,株式会社 シーアイ・パートナーズグループ,社会福祉科,,assignment,OK,1.0
S00263,社会福祉科,社会福祉法人 みなと寮 (救護施設・特別養護老人ホーム),社会福祉科,,assignment,OK,2.0
S00162,社会福祉科,社会福祉法人 京都府社会福祉事業団,社会福祉科,,assignment,OK,2.0
S00144,社会福祉科,社会福祉法人 京都府社会福祉事業団,社会福祉科,,assignment,OK,2.0
S00142,社会福祉科,医療法人 正正会 分野病院,社会福祉科,,assignment,OK,0.0
S00008,社会福祉科,社会福祉法人 聖徳会,社会福祉科,,assignment,OK,2.0
S00278,社会福祉科,株式会社スバコ・ケア・エンジニアリング,社会福祉科,,assignment,OK,2.0
S00065,社会福祉科,社会福祉法人 ヒューマンライツ福祉協会,社会福祉科,,assignment,OK,2.0
S00103,社会福祉科,社会福祉法人 産経新聞厚生文化事業団,社会福祉科,,assignment,OK,0.0
S00172,社会福祉科,社会福祉法人 産経新聞厚生文化事業団,社会福祉科,,assignment,OK,0.0
S00225,社会福祉科,医療法人 正正会 分野病院,社会福祉科,,assignment,OK,2.0
S00148,社会福祉科,社会福祉法人 ヒューマンライツ福祉協会,社会福祉科,,assignment,OK,2.0
S00211,社会福祉科,株式会社 T’Sコーポレーショングループ,社会福祉科,,assignment,OK,2.0
S00125,社会福祉科,社会福祉法人 聖徳会,社会福祉科,,assignment,OK,2.0
S00132,社会福祉科,医療法人社団 創生会,社会福祉科,,assignment,OK,0.0
S00188,社会福祉科,公益財団法人 総合病院 浅香山病院,社会福祉科,,assignment,OK,2.0
S00229,社会福祉科,児童発達支援・放課後等デイサービスLUMO (株式会社 Gotoschoolグループ募集),社会福祉科,,assignment,OK,0.0
S00176,社会福祉科,社会医療法人寿栄会 ありまこうげんホスピタル,社会福祉科,,assignment,OK,2.0
S00296,社会福祉科,社会福祉法人 聖徳会,社会福祉科,,assignment,OK,2.0
S00220,社会福祉科,社会福祉法人 聖徳会,社会福祉科,,assignment,OK,2.0
S00139,社会福祉科,社会福祉法人 ヒューマンライツ福祉協会,社会福祉科,,assignment,OK,2.0
S00281,社会福祉科,株式会社 ミック・ジャパン 【ミック健康の森】 【ドラッグミック】 【ローソンドラッグミック】,社会福祉科,,assignment,OK,0.0
S00178,社会福祉科,社会福祉法人 大阪自彊館,社会福祉科,,assignment,OK,2.0
S00081,社会福祉科,社会福祉法人 聖徳会,社会福祉科,,assignment,OK,2.0
S00289,社会福祉科,株式会社 絆ホールディングス,社会福祉科,,assignment,OK,2.0
S00032,社会福祉科,社会福祉法人 天心会 小阪病院,社会福祉科,,assignment,OK,0.0
S00182,社会福祉科,株式会社スバコ・ケア・エンジニアリング,社会福祉科,,assignment,OK,2.0
S00191,社会福祉科,株式会社 シーアイ・パートナーズグループ,社会福祉科,,assignment,OK,0.0
S00052,社会福祉科,児童発達支援・放課後等デイサービスLUMO (株式会社 Gotoschoolグループ募集),社会福祉科,,assignment,OK,0.0
S00165,社会福祉科,社会福祉法人 産経新聞厚生文化事業団,社会福祉科,,assignment,OK,0.0
S00175,社会福祉科,社会医療法人寿栄会 ありまこうげんホスピタル,社会福祉科,,assignment,OK,2.0
S00153,社会福祉科,社会福祉法人 南湖会【障がい児者支援事業】,社会福祉科,,assignment,OK,0.0
S00147,社会福祉科,株式会社 シーアイ・パートナーズグループ,社会福祉科,,assignment,OK,1.0
S00147,社会福祉科,一般社団法人 水口病院,社会福祉科,,assignment,OK,2.0
S00071,社会福祉科,社会福祉法人 南湖会【障がい児者支援事業】,社会福祉科,,assignment,OK,0.0
S00017,社会福祉科,一般社団法人 水口病院,社会福祉科,,assignment,OK,2.0
S00021,社会福祉科,株式会社スバコ・ケア・エンジニアリング,社会福祉科,,assignment,OK,2.0
S00222,社会福祉科,社会福祉法人 産経新聞厚生文化事業団,社会福祉科,,assignment,OK,0.0
S00214,社会福祉科,児童発達支援・放課後等デイサービスLUMO (株式会社 Gotoschoolグループ募集),社会福祉科,,assignment,OK,0.0
S00083,社会福祉科,社会福祉法人 大阪自彊館,社会福祉科,,assignment,OK,2.0
S00255,社会福祉科,株式会社 シーアイ・パートナーズグループ,社会福祉科,,assignment,OK,1.0
S00255,社会福祉科,公益財団法人 総合病院 浅香山病院,社会福祉科,,assignment,OK,2.0
S00208,社会福祉科,社会福祉法人 産経新聞厚生文化事業団,社会福祉科,,assignment,OK,0.0
S00228,社会福祉科,株式会社 シーアイ・パートナーズグループ,社会福祉科,,assignment,OK,0.0
S00128,社会福祉科,社会医療法人寿栄会 ありまこうげんホスピタル,社会福祉科,,assignment,OK,2.0
S00169,社会福祉科,一般社団法人 水口病院,社会福祉科,,assignment,OK,2.0
S00005,社会福祉科,株式会社 T’Sコーポレーショングループ,社会福祉科,,assignment,OK,2.0
S00158,社会福祉科,社会福祉法人 天心会 小阪病院,社会福祉科,,assignment,OK,0.0
S00164,社会福祉科,医療法人社団 創生会,社会福祉科,,assignment,OK,2.0
S00062,社会福祉科,社会福祉法人 大阪自彊館,社会福祉科,,assignment,OK,2.0
S00012,社会福祉科,株式会社スバコ・ケア・エンジニアリング,社会福祉科,,assignment,OK,2.0
S00030,社会福祉科,株式会社 シーアイ・パートナーズグループ,社会福祉科,,assignment,OK,0.0
S00245,社会福祉科,株式会社 シーアイ・パートナーズグループ,社会福祉科,,assignment,OK,1.0
S00245,社会福祉科,社会福祉法人 天心会 小阪病院,社会福祉科,,assignment,OK,2.0
S00256,社会福祉科,公益財団法人 総合病院 浅香山病院,社会福祉科,,assignment,OK,2.0
S00145,社会福祉科,公益財団法人 総合病院 浅香山病院,社会福祉科,,assignment,OK,2.0
S00009,社会福祉科,株式会社 T’Sコーポレーショングループ,社会福祉科,,assignment,OK,2.0
S00064,社会福祉科,医療法人社団 創生会,社会福祉科,,assignment,OK,2.0
S00292,社会福祉科,医療法人社団 創生会,社会福祉科,,assignment,OK,2.0
S00044,社会福祉科,社会医療法人寿栄会 ありまこうげんホスピタル,社会福祉科,,assignment,OK,2.0
S00219,社会福祉科,社会福祉法人 南湖会【障がい児者支援事業】,社会福祉科,,assignment,OK,0.0
S00066,社会福祉科,株式会社 シーアイ・パートナーズグループ,社会福祉科,,assignment,OK,0.0
S00177,社会福祉科,株式会社スバコ・ケア・エンジニアリング,社会福祉科,,assignment,OK,2.0
S00018,社会福祉科,株式会社スバコ・ケア・エンジニアリング,社会福祉科,,assignment,OK,2.0
S00078,社会福祉科,公益財団法人 総合病院 浅香山病院,社会福祉科,,assignment,OK,2.0
S00109,社会福祉科,株式会社 T’Sコーポレーショングループ,社会福祉科,,assignment,OK,2.0
S00063,社会福祉科,社会福祉法人 南湖会【障がい児者支援事業】,社会福祉科,,assignment,OK,0.0
S00258,社会福祉科,社会福祉法人 ヒューマンライツ福祉協会,社会福祉科,,assignment,OK,2.0
S00193,社会福祉科,株式会社 T’Sコーポレーショングループ,社会福祉科,,assignment,OK,2.0
S00072,社会福祉科,児童発達支援・放課後等デイサービスLUMO (株式会社 Gotoschoolグループ募集),社会福祉科,,assignment,OK,0.0
S00121,社会福祉科,社会福祉法人 天心会 小阪病院,社会福祉科,,assignment,OK,2.0
S00234,社会福祉科,社会福祉法人 天心会 小阪病院,社会福祉科,,assignment,OK,2.0
S00029,社会福祉科,株式会社 ミック・ジャパン 【ミック健康の森】 【ドラッグミック】 【ローソンドラッグミック】,社会福祉科,,assignment,OK,0.0
S00113,社会福祉科,社会福祉法人 大阪自彊館,社会福祉科,,assignment,OK,2.0
S00114,社会福祉科,社会福祉法人 南湖会【障がい児者支援事業】,社会福祉科,,assignment,OK,0.0
S00156,社会福祉科,児童発達支援・放課後等デイサービスLUMO (株式会社 Gotoschoolグループ募集),社会福祉科,,assignment,OK,0.0
S00077,社会福祉科,児童発達支援・放課後等デイサービスLUMO (株式会社 Gotoschoolグループ募集),社会福祉科,,assignment,OK,0.0
S00213,社会福祉科,株式会社 ミック・ジャパン 【ミック健康の森】 【ドラッグミック】 【ローソンドラッグミック】,社会福祉科,,assignment,OK,0.0
S00055,社会福祉科,一般社団法人 水口病院,社会福祉科,,assignment,OK,2.0
S00010,社会福祉科,一般社団法人 水口病院,社会福祉科,,assignment,OK,2.0
S00090,社会福祉科,児童発達支援・放課後等デイサービスLUMO (株式会社 Gotoschoolグループ募集),社会福祉科,,assignment,OK,0.0
S00163,社会福祉科,社会福祉法人 ヒューマンライツ福祉協会,社会福祉科,,assignment,OK,2.0
S00098,社会福祉科,児童発達支援・放課後等デイサービスLUMO (株式会社 Gotoschoolグループ募集),社会福祉科,,assignment,OK,0.0
S00082,社会福祉科,社会福祉法人 みなと寮 (救護施設・特別養護老人ホーム),社会福祉科,,assignment,OK,2.0
S00287,社会福祉科,株式会社 ミック・ジャパン 【ミック健康の森】 【ドラッグミック】 【ローソンドラッグミック】,社会福祉科,,assignment,OK,0.0
S00197,社会福祉科,株式会社 ミック・ジャパン 【ミック健康の森】 【ドラッグミック】 【ローソンドラッグミック】,社会福祉科,,assignment,OK,0.0
S00112,社会福祉科,株式会社 ミック・ジャパン 【ミック健康の森】 【ドラッグミック】 【ローソンドラッグミック】,社会福祉科,,assignment,OK,0.0
