学籍番号,希望事業所1,希望事業所2,希望事業所3
44H0037,株式会社オーシャン,,
41I0033,株式会社ダイレクト,株式会社ライトビジョン,株式会社オリジン
43D0015,株式会社パスウェイ,,
45G0045,株式会社アドバンスト,株式会社ワイズインテリジェンス,株式会社ストラテジック
42G0027,株式会社アストロワーク,,
42G0026,テクノエナジー株式会社,,
43F0015,株式会社スピードウェア,,
41E0027,株式会社インフィニティ,株式会社サクセスリンク,株式会社アクティブパートナー
45G0026,株式会社クリエイティブワーク,,
41G0021,株式会社システムファーム,,
43A0019,株式会社テックプロ,,
44I0030,株式会社ライフエッジ,株式会社ソフトブレイン,
41A0005,株式会社プロパス,株式会社ライフエッジ,株式会社レボリューション
43A0040,株式会社アドバンスト,株式会社ライトビジョン,
43E0043,株式会社グッドビジョン,株式会社パワフルワーク,
44A0010,株式会社アクティブパートナー,株式会社リーディングエッジ,株式会社メタリンク
41B0043,株式会社スマートシステム,株式会社ビジネステクノ,株式会社プロダクション
42A0043,株式会社スマートリンク,株式会社エヴァシステム,株式会社インフラネット
44C0041,株式会社テクノロジーソリューション,,
45E0028,株式会社アドバンスシステム,,
44D0017,株式会社インサイトエンジニアリング,株式会社インフラネット,株式会社オーシャン
42D0026,株式会社エクスプレス,株式会社サクセスリンク,株式会社ワールドネット
44G0042,株式会社クリエイティブワーク,株式会社エンタープライズサポート,株式会社ニューウェーブ
44H0006,株式会社オーシャン,株式会社セーフティネット,株式会社アヴァンティ
42C0007,株式会社メディアワークス,,
43B0009,株式会社グリーンサポート,株式会社リーダース,株式会社システムライフ
44H0044,株式会社デジタルフォース,株式会社システムコア,株式会社グリーンアース
43F0016,株式会社メディアワークス,,
43B0028,株式会社アークビジネス,株式会社エクセルテック,株式会社サクセス
43E0028,株式会社スカイウェイ,株式会社ライフエッジ,株式会社フューチャーリンク
44A0021,株式会社ファーストメディア,,
44E0006,株式会社エヴァシステム,,
42D0045,株式会社テクノロジーソリューション,株式会社プロパス,株式会社ニューウェーブ
41H0039,株式会社グローバルリンク,株式会社プライムソリューション,株式会社マルチリンク
42H0027,株式会社パワーストーン,株式会社アクティブパートナー,株式会社アルファテクノ
43D0042,株式会社ソフトブレイン,株式会社エヴァシステム,株式会社プログレッシブ
45C0008,株式会社グリーンテック,,
42B0018,株式会社ビジネスエクセル,,
41H0027,株式会社エクスプレス,株式会社エンタープライズサポート,株式会社クリエイト
41D0002,株式会社ソフトブレイン,株式会社ワイズインテリジェンス,株式会社ダイレクト
42D0040,株式会社オープンフロンティア,株式会社ワールドネット,株式会社ネットソリューション
43H0045,株式会社インターリンク,,
43H0019,株式会社システムライフ,,
42B0005,株式会社ライフエッジ,株式会社エクスプレス,
45D0030,株式会社インサイトエンジニアリング,,
41E0029,株式会社クリアビジョン,株式会社エクスプレス,
44G0017,株式会社サクセス,株式会社エッジワークス,株式会社インフィニティ
44D0031,テクノエナジー株式会社,株式会社フューチャースタンダード,
42C0015,株式会社ウェルネス,株式会社ファーストステップ,
41E0036,株式会社ビジョンサポート,株式会社アイテック,
42A0024,株式会社ダイナミクス,,
42I0042,株式会社ソーシャルイノベーション,株式会社イノヴェーション,株式会社テックプロ
41C0039,株式会社オープンシステム,株式会社スピリットネット,
41D0019,株式会社ライフエッジ,株式会社パワーストーン,株式会社ファーストステップ
43A0025,株式会社サクセスリンク,,
43H0039,株式会社エヴォリューション,株式会社パッションエンタープライズ,
41I0003,株式会社ダイレクト,株式会社リーディングエッジ,株式会社リバーステップ
44C0032,株式会社ビジネスエクセル,,
44D0019,株式会社クリエイティブワーク,株式会社アドバンスト,
44H0008,株式会社クリアビジョン,,
41D0008,株式会社ダイナミックエンタープライズ,株式会社インターリンク,株式会社グローバルビジョン
44E0012,株式会社グローバルビジョン,株式会社オープンシステム,株式会社モーション
41B0039,株式会社アドバンス,,
44C0011,株式会社シンセティック,株式会社アイテック,株式会社テクノロジーソリューション
43I0021,株式会社ソフトブレイン,株式会社ソーシャルイノベーション,株式会社フロンティアネット
41E0001,株式会社イノヴェーション,,
41F0024,株式会社オーシャン,株式会社システムライフ,株式会社アヴァンティ
43H0024,株式会社グリーンテック,株式会社クリアビジョン,
45I0023,株式会社テックプロ,株式会社クリエイティブワーク,
43I0015,株式会社エヴァシステム,株式会社スピードウェア,
42A0016,株式会社フューチャースタンダード,株式会社アドバンスシステム,
43D0029,株式会社モーション,,
42C0016,株式会社リーダース,株式会社アークビジネス,
45E0025,株式会社グリーンアース,,
45A0002,株式会社テクノサポート,株式会社アーステック,株式会社スピリットネット
41G0016,株式会社ビジネスエクセル,株式会社アドバンスシステム,
42A0017,株式会社ファーストパス,株式会社ビジネスエクセル,
43I0008,株式会社プログレッシブ,株式会社プライムソリューション,株式会社イノヴェーション
42A0037,株式会社エヴァシステム,株式会社ファーストメディア,
42A0006,株式会社オプティマ,,
42E0004,株式会社グローバルリンク,株式会社スタートアップ,株式会社セーフティネット
45G0021,株式会社オープンフロンティア,,
45E0012,株式会社アクションネット,株式会社メタリンク,株式会社ビジョンサポート
45F0019,株式会社アドバンス,株式会社グリーンアース,株式会社フューチャースタンダード
41B0009,株式会社ライフエッジ,株式会社ビジョンサポート,株式会社ダイナミックエンタープライズ
44H0030,株式会社リーダース,株式会社エンタープライズサポート,株式会社システムライフ
42F0022,株式会社デジタルフォース,株式会社ニューウェーブ,
41G0025,株式会社ライフエッジ,,
45I0006,株式会社オリジン,株式会社スピードウェア,株式会社シンプルエッジ
44E0017,株式会社ファーストステップ,株式会社トラスト,
45D0044,株式会社システムコア,株式会社グリーンサポート,株式会社エコリーダーズ
42C0028,株式会社インフラネット,株式会社トラスト,株式会社エクセルテック
41D0043,株式会社ユニバーサル,株式会社ネットソリューション,株式会社ソーシャルイノベーション
43I0002,株式会社メタリンク,,
41H0006,株式会社イノベーションシステム,株式会社ワイズインテリジェンス,
43F0018,株式会社パートナーシップ,株式会社モーション,株式会社フューチャーリンク
41B0021,株式会社ダイナミックエンタープライズ,株式会社クリエイティブワーク,株式会社サンライズ
42C0014,株式会社システムファーム,株式会社エッジワークス,
45E0026,株式会社エンタープライズサポート,,
45B0038,株式会社アヴァンティ,株式会社レボリューション,
42A0023,株式会社エコリーダーズ,株式会社クリエイティブワーク,株式会社デジタルフォース
42G0036,株式会社フロンティアネット,,
42H0039,株式会社ダイレクト,,
41A0037,株式会社アクティブパートナー,株式会社エッジワークス,株式会社オーシャン
41F0021,株式会社ユニーク,株式会社ビジネステクノ,
45G0025,株式会社フューチャースタンダード,株式会社システムコア,株式会社パートナーシップ
41H0011,株式会社アクティブパートナー,株式会社アドバンスシステム,株式会社アイテック
41E0014,株式会社ダイレクト,株式会社ネットソリューション,
44F0016,株式会社グリーンサポート,株式会社フロンティア,株式会社サクセスリンク
45H0020,株式会社ニューウェーブ,株式会社プロパス,株式会社リーディングエッジ
41I0042,株式会社ダイレクト,株式会社トランスフォーム,
44F0025,株式会社テクノサポート,株式会社インフィニティ,株式会社アドバンス
44D0032,株式会社スカイウェイ,株式会社トランスフォーム,
44B0016,株式会社ファーストメディア,株式会社フューチャーリンク,株式会社フロンティア
44A0042,株式会社イノヴェーション,株式会社クリエイティブワーク,
41A0026,株式会社アドバンス,株式会社セーフティネット,
43I0007,株式会社パワーストーン,株式会社インサイトエンジニアリング,
41E0028,株式会社ニューウェーブ,株式会社ビジネスエクセル,株式会社デジタルフォース
45D0011,株式会社ネットソリューション,株式会社オプティマ,
44A0025,株式会社ビジネスエクセル,株式会社オープンフロンティア,株式会社プログレッシブ
44A0030,株式会社クリアビジョン,株式会社オリジン,株式会社プログレッシブ
45I0016,株式会社アイテック,,
43B0018,株式会社トランスフォーム,,
43C0039,株式会社アヴァンティ,株式会社フロンティアネット,
41C0018,株式会社グローバルビジョン,株式会社トランスフォーム,
45A0037,株式会社テックプロ,株式会社テクノサポート,
45H0006,株式会社シンプルエッジ,株式会社アドバンス,
45C0006,株式会社ワールドネット,株式会社プログレッシブ,
44C0031,株式会社ソーシャルイノベーション,株式会社エヴァシステム,
42F0013,株式会社ユニバーサル,,
43A0038,株式会社イノヴェーション,株式会社アクティブパートナー,
41B0011,株式会社ダイレクト,株式会社パッションエンタープライズ,株式会社イノベーションシステム
45I0020,株式会社ハイウェイ,株式会社テクノサポート,株式会社リーダース
42G0021,株式会社フューチャースタンダード,株式会社ストラテジック,株式会社エヴォリューション
44D0025,株式会社リーディングエッジ,株式会社ウェルネス,株式会社フューチャーリンク
45I0039,テクノエナジー株式会社,,
43G0017,株式会社シンセティック,,
43A0028,株式会社クリエイティブワーク,株式会社ビジョンサポート,
44F0015,株式会社ライトビジョン,株式会社グリーンアース,株式会社システムファーム
45H0017,株式会社シンプルエッジ,,
42F0011,株式会社アルファテクノ,株式会社アヴァンティ,株式会社ワイズインテリジェンス
43D0036,株式会社テックプロ,,
41H0018,株式会社サクセスリンク,株式会社パッションエンタープライズ,株式会社パートナーシップ
42D0004,株式会社グリーンサポート,,
42I0022,株式会社イノベーティブ,,
43C0027,株式会社スマートシステム,,
41C0043,株式会社スタートアップ,,
43E0011,株式会社ダイナミクス,,
44I0013,株式会社ワールドネット,株式会社クリエイティブワーク,株式会社プライムソリューション
41B0002,株式会社フロンティアネット,株式会社グッドビジョン,株式会社アークビジネス
42D0031,株式会社インフィニティ,株式会社トランスフォーム,株式会社ダイナミクス
43E0045,株式会社トラスト,株式会社サクセス,株式会社ダイレクト
42H0007,株式会社メタリンク,,
44H0007,株式会社フューチャースタンダード,株式会社パスウェイ,
43H0038,株式会社トラスト,,
41G0037,株式会社エヴォリューション,株式会社オプティマ,株式会社ウェルネス
45F0012,株式会社ビジョンサポート,株式会社リバーステップ,
43A0037,株式会社グリーンアース,,
42F0032,株式会社アイテック,,
41B0042,株式会社オリジン,株式会社ファーストメディア,株式会社エンタープライズサポート
41F0004,株式会社インターリンク,,
41A0004,株式会社ビジネステクノ,,
41H0029,株式会社ビジョンサポート,,
42I0017,株式会社クリエイト,,
42G0037,株式会社テクノサポート,株式会社インサイトエンジニアリング,
43C0011,株式会社ダイレクト,,
45G0023,株式会社エヴォリューション,,
42G0042,株式会社アドバンスシステム,,
41H0010,株式会社グローバルリンク,株式会社エヴァシステム,株式会社フロンティアネット
42B0045,株式会社グリーンアース,株式会社スピリットネット,株式会社アドバンスト
45C0012,株式会社スピードウェア,株式会社ユニバーサル,株式会社ストラテジック
45D0027,株式会社パートナーシップ,株式会社リーダース,
43E0025,株式会社ワイズインテリジェンス,,
43E0022,株式会社アストロワーク,,
44B0002,株式会社テックプロ,株式会社アドバンスト,株式会社パスウェイ
42H0009,株式会社ワイズインテリジェンス,株式会社アイテック,株式会社クリエイト
45D0022,株式会社マルチリンク,株式会社ダイナミクス,
44B0015,株式会社エクセルテック,,
45F0008,株式会社スカイウェイ,株式会社リバーステップ,
44B0007,株式会社アドバンスト,株式会社ハイウェイ,
42G0013,株式会社アークビジネス,株式会社インフラネット,
43C0010,株式会社テクノロジーソリューション,株式会社オープンシステム,
43C0032,株式会社ユニーク,,
45G0033,株式会社モーション,,
41H0021,株式会社アイテック,株式会社パワーストーン,
43H0031,株式会社アーステック,株式会社シンプルエッジ,
45A0026,株式会社システムライフ,,
44D0042,株式会社オープンフロンティア,,
44F0009,株式会社プロダクション,株式会社レボリューション,株式会社テックプロ
41H0033,株式会社ファーストステップ,株式会社スピリットネット,
45E0029,株式会社エンタープライズサポート,,
43E0018,株式会社イノベーションシステム,株式会社グリーンテック,
42C0018,株式会社ブルースター,株式会社グリーンテック,
41G0023,株式会社インフラネット,株式会社オプティマ,株式会社レボリューション
45E0045,株式会社ダイナミクス,,
45A0041,株式会社レボリューション,株式会社ライフエッジ,
41H0031,株式会社アクティブパートナー,株式会社スマートリンク,株式会社ファーストメディア
43C0026,株式会社エッジワークス,株式会社ソフトブレイン,
43H0030,株式会社パワフルワーク,株式会社クリアビジョン,株式会社サクセスリンク
43F0014,株式会社スピードウェア,,
44C0043,株式会社スカイウェイ,株式会社スマートシステム,
41D0015,株式会社ビジョンサポート,株式会社アクションネット,
45B0022,株式会社アクションネット,株式会社スカイウェイ,
43I0039,株式会社オプティマ,株式会社ファーストパス,
41I0015,株式会社サイドチェンジ,,
43C0019,株式会社メディアワークス,株式会社アルファテクノ,株式会社サクセス
43G0031,株式会社システムライフ,株式会社ブルースター,株式会社インフラネット
43F0021,株式会社モーション,株式会社パワフルワーク,株式会社メタリンク
45I0035,株式会社アストロワーク,株式会社システムコア,株式会社シンプルエッジ
43G0006,株式会社ビジネステクノ,株式会社ニューウェーブ,
42D0030,株式会社オリジン,,
43B0010,株式会社クリエイティブワーク,株式会社クリアビジョン,
43F0005,株式会社フューチャースタンダード,株式会社フロンティア,株式会社トラスト
43G0014,株式会社ダイナミクス,,
41B0027,株式会社アヴァンティ,,
42C0043,株式会社エヴォリューション,株式会社オリジン,
44G0036,株式会社デジタルフォース,テクノエナジー株式会社,株式会社シンプルエッジ
43I0043,株式会社インフラネット,株式会社スマートシステム,株式会社オリジン
45E0034,株式会社リーディングエッジ,株式会社グローバルビジョン,株式会社フロンティア
44I0042,株式会社プロダクション,株式会社ワイズインテリジェンス,
41C0033,株式会社イノベーションシステム,株式会社メタリンク,株式会社エンタープライズサポート
43C0007,株式会社システムライフ,,
41H0008,株式会社シンセティック,株式会社オープンフロンティア,
43I0016,株式会社ビジネステクノ,株式会社シンセティック,株式会社アクティブパートナー
44C0009,株式会社インフィニティ,,
44D0006,株式会社モーション,株式会社パワーストーン,
45I0029,株式会社リーダース,株式会社ブルースター,株式会社テクノロジーソリューション
42F0019,株式会社スピードウェア,,
43G0021,株式会社クリエイティブワーク,,
43C0014,株式会社モーション,株式会社グリーンサポート,株式会社オリジン
44A0007,株式会社グローバルビジョン,,
44B0001,株式会社レボリューション,,
44C0033,株式会社アドバンスシステム,株式会社アヴァンティ,
41D0003,株式会社ビッグデータソリューション,株式会社ライフエッジ,テクノエナジー株式会社
43D0008,株式会社フロンティアネット,株式会社インフラネット,株式会社アドバンスト
44G0013,株式会社グリーンサポート,,
42G0015,株式会社トラスト,株式会社エッジワークス,
43C0016,株式会社グリーンアース,株式会社アドバンスト,
41D0005,株式会社マルチリンク,株式会社メディアワークス,株式会社ネットソリューション
44I0031,株式会社ユニーク,,
41I0001,株式会社インフラネット,,
45C0032,株式会社アクティブパートナー,,
44H0027,株式会社フロンティアネット,,
41B0014,株式会社アヴァンティ,株式会社フロンティアネット,株式会社ハイウェイ
43E0037,株式会社モーション,株式会社ビジネステクノ,株式会社サクセス
42I0023,株式会社スピードウェア,株式会社ライフエッジ,株式会社トラスト
43G0003,株式会社サクセス,株式会社パスウェイ,
42F0036,株式会社グリーンテック,株式会社モーション,株式会社エヴォリューション
44G0039,株式会社トラスト,,
43G0010,株式会社スピリット,,
42H0024,株式会社ワールドネット,,
43B0004,株式会社エコリーダーズ,株式会社イノベーティブ,株式会社サクセスリンク
45G0036,株式会社ライトビジョン,,
43A0008,株式会社オープンフロンティア,株式会社ユニバーサル,株式会社マルチリンク
43D0007,株式会社アドバンス,株式会社ビジョンサポート,株式会社スタートアップ
41E0025,株式会社クリエイティブワーク,株式会社アルファテクノ,株式会社モーション
42E0012,株式会社セーフティネット,株式会社ファーストパス,
42D0028,株式会社グッドサポート,株式会社オーシャン,株式会社システムコア
44F0039,株式会社レボリューション,株式会社グッドビジョン,
44I0032,株式会社システムファーム,株式会社ネットソリューション,
41D0011,株式会社スピードウェア,,
42H0012,株式会社アークビジネス,株式会社グッドサポート,
41G0043,株式会社シンセティック,株式会社レボリューション,
41I0027,株式会社ファーストパス,株式会社オリジン,株式会社イノベーションシステム
42E0045,株式会社ライトビジョン,株式会社サクセスリンク,
44E0009,株式会社ビッグデータソリューション,株式会社フューチャースタンダード,株式会社オーシャン
45F0042,株式会社パワフルワーク,株式会社クリアビジョン,
45I0010,株式会社プロパス,株式会社クリエイティブワーク,株式会社エクスプレス
42D0017,株式会社トラスト,株式会社インフィニティ,
44I0022,株式会社アイテック,,
42E0026,株式会社クリエイト,株式会社インターリンク,株式会社トラスト
44I0006,株式会社ワイズインテリジェンス,株式会社システムファーム,株式会社アストロワーク
43I0038,株式会社サイドチェンジ,,
42I0040,株式会社アクティブパートナー,株式会社モーション,
44E0010,株式会社エコリーダーズ,株式会社スピリット,
41F0033,株式会社ライフエッジ,株式会社フロンティアネット,株式会社フロンティア
44G0008,株式会社ライフエッジ,株式会社プロダクション,
45C0007,株式会社アストロワーク,株式会社オープンフロンティア,
41G0026,株式会社リーディングエッジ,,
44E0007,株式会社フロンティアネット,,
43G0018,株式会社インターリンク,株式会社エヴォリューション,
42I0041,株式会社テクノロジーソリューション,株式会社エコリーダーズ,株式会社リーディングエッジ
43A0007,株式会社セーフティネット,,
44I0036,株式会社ビッグデータソリューション,,
44A0013,株式会社インサイトエンジニアリング,,
42E0043,株式会社アーステック,株式会社ファーストメディア,
45C0040,株式会社グリーンアース,株式会社サクセスリンク,
44D0023,株式会社サイドチェンジ,,
41B0031,株式会社スタートアップ,,
44A0035,株式会社システムコア,株式会社パワフルワーク,
41E0005,株式会社マルチリンク,株式会社スマートシステム,株式会社オーシャン
41C0016,株式会社サイドチェンジ,株式会社スマートリンク,
44H0029,株式会社スピリット,株式会社リーディングエッジ,株式会社クリエイト
45I0038,株式会社ファーストステップ,株式会社ファーストパス,
44H0015,株式会社プログレッシブ,,
41H0003,株式会社ビッグデータソリューション,,
43I0003,株式会社インターリンク,,
43I0006,株式会社パスウェイ,,
43I0032,株式会社インフラネット,株式会社イノベーションシステム,
43I0042,株式会社アーステック,株式会社プログレッシブ,
41I0012,株式会社エクセルテック,,
42C0041,株式会社トランスフォーム,株式会社ビッグデータソリューション,株式会社システムファーム
43D0041,株式会社スマートシステム,,
43E0035,株式会社オープンシステム,株式会社インターリンク,株式会社ビジネスエクセル
43F0027,株式会社フューチャーリンク,株式会社スピードウェア,株式会社スマートリンク
42A0030,株式会社グリーンアース,株式会社システムファーム,株式会社ユニーク
42F0006,株式会社リバーステップ,,
43D0045,株式会社ビジネステクノ,株式会社パッションエンタープライズ,株式会社シンプルエッジ
43C0003,株式会社スカイウェイ,,
44H0021,株式会社クリアビジョン,株式会社アイテック,
44H0039,株式会社テックプロ,,
42F0020,株式会社クリアビジョン,株式会社パワフルワーク,株式会社アークビジネス
41H0040,株式会社マルチリンク,株式会社テックプロ,
42C0022,株式会社パートナーシップ,,
44H0016,株式会社インサイトエンジニアリング,株式会社テクノサポート,
43B0011,株式会社リバーステップ,株式会社ニューウェーブ,
41F0010,株式会社ネットソリューション,株式会社ファーストメディア,
43E0015,株式会社フロンティアネット,株式会社ファーストステップ,株式会社ワイズインテリジェンス
41F0031,株式会社グローバルビジョン,株式会社リーディングエッジ,株式会社ウェルネス
43I0035,株式会社ニューウェーブ,株式会社システムコア,テクノエナジー株式会社
43C0022,株式会社トラスト,株式会社インフラネット,
45D0028,株式会社グッドサポート,,
43A0044,株式会社プログレッシブ,株式会社アクティブパートナー,
45H0027,株式会社イノヴェーション,株式会社ブルースター,株式会社テクノサポート
42G0008,株式会社パートナーシップ,,
45A0035,株式会社ダイナミクス,株式会社オープンフロンティア,株式会社テクノサポート
45B0008,株式会社スタートアップ,,
43H0012,株式会社インターリンク,株式会社リーディングエッジ,株式会社パワーストーン
43E0034,株式会社パワフルワーク,株式会社システムライフ,
42A0021,テクノエナジー株式会社,,
43I0001,株式会社ビジョンサポート,,
44E0018,株式会社ファーストメディア,株式会社ユニーク,
41F0013,株式会社レボリューション,株式会社グローバルリンク,
41E0038,株式会社アクションネット,株式会社セーフティネット,
43A0043,株式会社ソーシャルイノベーション,,
45H0024,株式会社ブルースター,株式会社セーフティネット,
45F0028,株式会社テクノロジーソリューション,株式会社アーステック,株式会社ビジネスエクセル
42D0027,株式会社パワフルワーク,,
43G0038,株式会社エコリーダーズ,,
41G0018,株式会社リバーステップ,株式会社システムファーム,
44D0027,株式会社ハイウェイ,株式会社ビジネステクノ,株式会社ダイナミックエンタープライズ
45H0037,株式会社ダイレクト,株式会社サクセスリンク,
42I0018,株式会社クリエイト,,
43C0038,株式会社オープンシステム,,
45G0028,株式会社メタリンク,株式会社プライムソリューション,
45B0045,株式会社ビッグデータソリューション,株式会社マルチリンク,株式会社グローバルリンク
41C0030,株式会社アストロワーク,株式会社ニューウェーブ,
43D0037,株式会社グリーンサポート,株式会社クリアビジョン,
41A0035,株式会社アルファテクノ,,
45G0022,株式会社エコリーダーズ,,
44B0034,株式会社エコリーダーズ,株式会社グリーンアース,株式会社トランスフォーム
42D0034,株式会社アルファテクノ,株式会社メタリンク,株式会社インフィニティ
43C0017,株式会社インフィニティ,,
43A0017,株式会社ウェルネス,,
41A0009,株式会社トラスト,株式会社グローバルリンク,株式会社パワフルワーク
44H0013,株式会社アドバンス,株式会社パートナーシップ,株式会社テクノロジーソリューション
44C0003,株式会社ライトビジョン,,
41F0023,株式会社テクノサポート,株式会社システムファーム,株式会社メタリンク
44G0006,株式会社フューチャーリンク,株式会社ブルースター,
41G0013,株式会社グッドビジョン,株式会社インターリンク,株式会社ライフエッジ
43I0009,株式会社アクティブパートナー,株式会社スマートリンク,株式会社ライトビジョン
45C0016,株式会社ダイレクト,テクノエナジー株式会社,株式会社クリエイト
41F0043,株式会社エヴォリューション,株式会社ダイナミックエンタープライズ,株式会社フロンティア
43F0025,株式会社アドバンスト,,
44E0043,株式会社グローバルビジョン,株式会社オリジン,株式会社アークビジネス
43G0028,株式会社リバーステップ,株式会社エコリーダーズ,株式会社エクスプレス
44D0044,株式会社シンセティック,株式会社イノヴェーション,
44D0003,株式会社アクティブパートナー,株式会社レボリューション,株式会社アドバンスト
42F0028,株式会社フューチャーリンク,,
42G0011,株式会社インサイトエンジニアリング,,
43C0029,株式会社スピリット,,
45I0043,株式会社アクティブパートナー,株式会社ライトビジョン,株式会社グリーンテック
42D0042,株式会社ビッグデータソリューション,株式会社パワフルワーク,株式会社リーディングエッジ
42C0002,株式会社スマートリンク,株式会社ファーストパス,
41C0023,株式会社モーション,,
44A0022,株式会社インフラネット,株式会社インフィニティ,
41I0023,株式会社グリーンアース,,
43A0006,株式会社スカイウェイ,,
44C0019,株式会社メディアワークス,株式会社オープンシステム,株式会社プライムソリューション
44E0037,株式会社トランスフォーム,株式会社パートナーシップ,株式会社シンプルエッジ
45C0028,株式会社アストロワーク,株式会社グローバルリンク,株式会社ライフエッジ
42D0003,株式会社インサイトエンジニアリング,,
43D0035,株式会社ユニバーサル,株式会社アクションネット,
41I0045,株式会社システムファーム,,
45I0034,株式会社ワイズインテリジェンス,,
41G0015,株式会社セーフティネット,株式会社ウェルネス,株式会社プロダクション
43G0027,株式会社ファーストパス,,
42E0020,株式会社スマートリンク,株式会社ソフトブレイン,株式会社オリジン
44G0032,株式会社テックプロ,,
43I0012,株式会社グッドビジョン,,
41A0044,株式会社ビジョンサポート,株式会社トラスト,株式会社クリエイト
41A0038,株式会社マルチリンク,株式会社アドバンスト,
42I0008,テクノエナジー株式会社,,
42E0013,株式会社オーシャン,株式会社アクティブパートナー,
45F0043,株式会社アドバンスシステム,株式会社ネットソリューション,
44C0030,株式会社アイテック,株式会社リーディングエッジ,
45G0012,株式会社トランスフォーム,,
45E0041,株式会社パートナーシップ,株式会社ライフエッジ,株式会社グリーンアース
44D0010,株式会社スマートリンク,,
42B0042,株式会社システムコア,株式会社アクションネット,
44B0024,株式会社パッションエンタープライズ,株式会社テクノロジーソリューション,株式会社ライフエッジ
42H0006,株式会社レボリューション,株式会社オプティマ,株式会社システムコア
45H0045,株式会社スピリット,株式会社サクセスリンク,
41D0022,株式会社クリアビジョン,株式会社アーステック,
44G0014,株式会社アイテック,株式会社パートナーシップ,株式会社システムライフ
41B0045,株式会社フロンティアネット,株式会社パッションエンタープライズ,
41C0008,株式会社プロダクション,株式会社クリエイト,株式会社エッジワークス
42B0020,株式会社システムコア,,
42G0010,株式会社アドバンスト,株式会社アーステック,
43A0010,株式会社ダイナミックエンタープライズ,,
42D0007,株式会社プライムソリューション,,
41G0035,株式会社アルファテクノ,株式会社トラスト,株式会社ニューウェーブ
44C0027,株式会社ダイナミックエンタープライズ,,
42A0019,株式会社クリエイト,,
44A0011,株式会社ハイウェイ,株式会社オーシャン,株式会社ウェルネス
45G0007,株式会社エヴァシステム,株式会社ビジネステクノ,
44H0004,株式会社イノヴェーション,,
45A0038,株式会社プロパス,,
41C0015,株式会社エクセルテック,株式会社エッジワークス,株式会社グリーンテック
42B0023,株式会社グリーンテック,,
45A0020,株式会社ファーストメディア,株式会社アルファテクノ,
43F0028,株式会社クリエイト,,
42I0009,株式会社アイテック,株式会社スマートシステム,株式会社アーステック
43A0039,株式会社ライフエッジ,株式会社ソフトブレイン,
43G0024,株式会社ビッグデータソリューション,,
44F0026,株式会社システムライフ,,
44I0015,株式会社ビジョンサポート,株式会社フューチャーリンク,
45A0016,株式会社ニューウェーブ,株式会社ファーストステップ,
42G0017,株式会社エヴァシステム,株式会社エクセルテック,
43H0037,株式会社パッションエンタープライズ,株式会社フューチャーリンク,
45I0025,株式会社アヴァンティ,株式会社イノベーションシステム,株式会社サクセスリンク
43C0045,株式会社スピリット,株式会社テクノロジーソリューション,
44B0043,株式会社フューチャースタンダード,,
43I0026,株式会社プロパス,株式会社レボリューション,株式会社エッジワークス
45G0005,株式会社ダイナミックエンタープライズ,,
44I0020,株式会社ライフエッジ,株式会社リーディングエッジ,株式会社ウェルネス
43C0008,株式会社ライトビジョン,株式会社アクションネット,
45C0002,株式会社エヴォリューション,,
44F0029,株式会社スピリットネット,株式会社グローバルビジョン,株式会社システムライフ
41H0015,株式会社システムライフ,株式会社グリーンテック,
41I0044,株式会社ネットソリューション,株式会社セーフティネット,株式会社プロダクション
42D0005,株式会社フューチャースタンダード,株式会社パスウェイ,株式会社エクスプレス
42D0008,株式会社オープンフロンティア,,
41G0020,株式会社イノベーションシステム,株式会社パスウェイ,株式会社ハイウェイ
44F0011,株式会社メディアワークス,株式会社アクティブパートナー,株式会社テックプロ
42C0042,株式会社クリエイト,株式会社オープンシステム,
42F0008,株式会社グリーンサポート,,
42G0007,株式会社エクセルテック,株式会社サンライズ,
45F0006,株式会社アヴァンティ,株式会社インサイトエンジニアリング,株式会社ビジネステクノ
42G0039,株式会社アクションネット,株式会社グローバルビジョン,
41D0018,株式会社ネットソリューション,株式会社エンタープライズサポート,株式会社プログレッシブ
44E0038,株式会社パスウェイ,株式会社オリジン,株式会社レボリューション
42C0032,株式会社リーディングエッジ,株式会社リーダース,
41G0032,株式会社アドバンス,,
45B0007,株式会社システムファーム,株式会社ビジネスエクセル,テクノエナジー株式会社
45D0025,株式会社ダイナミクス,株式会社サクセスリンク,
45H0043,株式会社スマートシステム,,
43G0043,株式会社ビッグデータソリューション,株式会社リバーステップ,株式会社プログレッシブ
42A0028,株式会社サンライズ,,
45E0021,株式会社アドバンスト,,
42C0010,株式会社ユニーク,,
45B0019,株式会社ワイズインテリジェンス,株式会社アヴァンティ,
44H0042,株式会社クリエイト,,
42H0045,株式会社プライムソリューション,,
41C0012,株式会社テクノサポート,株式会社マルチリンク,株式会社デジタルフォース
42I0045,株式会社オリジン,株式会社マルチリンク,
45C0024,株式会社アークビジネス,株式会社ニューウェーブ,株式会社フロンティアネット
41G0004,株式会社スタートアップ,株式会社オリジン,
43I0014,株式会社ソーシャルイノベーション,株式会社サクセス,
44D0037,株式会社グリーンアース,株式会社パートナーシップ,株式会社トランスフォーム
42I0037,株式会社アストロワーク,株式会社スピードウェア,
44I0028,株式会社スピードウェア,,
41B0033,株式会社リーダース,,
45F0023,株式会社オープンフロンティア,株式会社フューチャースタンダード,株式会社ファーストパス
42E0015,株式会社マルチリンク,,
45D0029,株式会社ワイズインテリジェンス,株式会社サクセス,
43I0019,株式会社インフィニティ,株式会社ライフエッジ,株式会社ハイウェイ
45F0014,株式会社ライフエッジ,,
42A0042,株式会社ファーストステップ,株式会社セーフティネット,
43H0043,株式会社リーディングエッジ,,
45F0020,株式会社フロンティアネット,,
45H0007,株式会社アクションネット,株式会社アドバンスシステム,
44E0040,株式会社ライフエッジ,株式会社ライトビジョン,
44F0014,株式会社インターリンク,,
43C0040,株式会社グッドビジョン,,
44H0022,株式会社イノベーションシステム,,
44E0035,株式会社システムライフ,株式会社グッドサポート,株式会社ウェルネス
42F0003,株式会社ファーストパス,株式会社ライトビジョン,
42D0020,株式会社ライフエッジ,,
43C0042,株式会社ダイレクト,株式会社エクセルテック,
42D0043,株式会社リーディングエッジ,株式会社グローバルビジョン,株式会社パッションエンタープライズ
41I0021,株式会社ハイウェイ,株式会社パワフルワーク,
44E0032,株式会社エクセルテック,,
45F0037,株式会社テクノサポート,株式会社システムコア,
44G0003,株式会社ファーストステップ,株式会社フューチャースタンダード,株式会社テクノサポート
41I0039,株式会社エンタープライズサポート,株式会社オーシャン,株式会社アヴァンティ
45F0004,株式会社クリアビジョン,株式会社スマートシステム,株式会社プログレッシブ
41C0034,株式会社アヴァンティ,株式会社フューチャースタンダード,株式会社インターリンク
42E0001,株式会社サクセスリンク,株式会社サイドチェンジ,株式会社ソフトブレイン
41C0001,株式会社トラスト,,
42A0018,株式会社ユニバーサル,,
43F0037,株式会社システムファーム,株式会社アクションネット,
43D0026,株式会社パスウェイ,株式会社トランスフォーム,株式会社インサイトエンジニアリング
42A0020,株式会社ユニーク,株式会社ワールドネット,
43G0036,テクノエナジー株式会社,株式会社エコリーダーズ,
45G0009,株式会社ニューウェーブ,,
41D0017,株式会社テクノサポート,,
45D0004,株式会社メタリンク,,
43I0040,株式会社ブルースター,,
44A0002,株式会社パワフルワーク,株式会社ビジネステクノ,
42E0036,株式会社デジタルフォース,株式会社ワイズインテリジェンス,
43E0026,株式会社ソーシャルイノベーション,株式会社テクノロジーソリューション,
44G0001,株式会社スマートシステム,,
43C0037,株式会社ビッグデータソリューション,株式会社スピリット,株式会社フロンティアネット
43E0020,株式会社フューチャースタンダード,,
41F0025,株式会社クリアビジョン,,
45D0024,株式会社ハイウェイ,,
44F0006,株式会社オプティマ,株式会社クリエイト,
42I0034,株式会社インフラネット,株式会社スピリット,
45C0038,株式会社テクノサポート,株式会社オプティマ,
45I0024,株式会社テックプロ,,
44B0025,株式会社ソーシャルイノベーション,株式会社サイドチェンジ,
45H0019,株式会社ウェルネス,株式会社テクノサポート,株式会社エクスプレス
45C0009,株式会社ソーシャルイノベーション,株式会社エッジワークス,株式会社サクセスリンク
41I0006,株式会社ダイナミックエンタープライズ,株式会社マルチリンク,株式会社インフィニティ
41I0005,株式会社リバーステップ,株式会社ニューウェーブ,
42H0036,株式会社アストロワーク,株式会社エコリーダーズ,株式会社クリアビジョン
41C0042,株式会社トラスト,株式会社オーシャン,株式会社パートナーシップ
41G0002,株式会社デジタルフォース,,
44C0024,株式会社クリアビジョン,株式会社クリエイト,
41A0013,株式会社ファーストパス,株式会社インターリンク,株式会社パスウェイ
44A0040,株式会社オープンシステム,株式会社スタートアップ,
43I0027,株式会社ビジネステクノ,,
44I0024,株式会社アヴァンティ,株式会社シンセティック,株式会社アストロワーク
43H0008,株式会社システムライフ,株式会社アドバンスシステム,
43H0033,株式会社パワフルワーク,,
44E0024,株式会社ビジネステクノ,,
43I0017,株式会社テクノサポート,株式会社アヴァンティ,株式会社パッションエンタープライズ
44I0040,株式会社アクションネット,株式会社クリエイト,株式会社クリエイティブワーク
45E0027,株式会社ファーストメディア,,
45F0002,株式会社プライムソリューション,株式会社アストロワーク,株式会社ネットソリューション
45F0016,株式会社エッジワークス,株式会社シンセティック,
43D0030,株式会社イノヴェーション,株式会社メディアワークス,
45B0016,株式会社アドバンスシステム,,
44D0043,株式会社セーフティネット,株式会社パッションエンタープライズ,
43I0030,株式会社トランスフォーム,,
45I0021,株式会社スマートリンク,株式会社グリーンサポート,株式会社インサイトエンジニアリング
43E0019,株式会社インフラネット,株式会社アーステック,株式会社フューチャースタンダード
42D0025,株式会社ウェルネス,株式会社ダイレクト,
44E0019,株式会社フューチャースタンダード,,
45A0009,株式会社ネットソリューション,株式会社サクセスリンク,株式会社インサイトエンジニアリング
42B0033,株式会社スタートアップ,株式会社サクセス,
41H0016,株式会社テクノロジーソリューション,株式会社トラスト,株式会社スピリットネット
42H0022,株式会社ダイナミクス,,
42F0004,株式会社ワイズインテリジェンス,株式会社ハイウェイ,
45A0024,株式会社ダイナミックエンタープライズ,株式会社テックプロ,株式会社マルチリンク
41D0013,テクノエナジー株式会社,,
45H0031,株式会社フロンティア,,
45E0007,株式会社スピードウェア,株式会社トランスフォーム,株式会社メタリンク
42E0003,株式会社パワーストーン,株式会社インフィニティ,
42B0001,株式会社サクセスリンク,,
44A0032,株式会社アストロワーク,,
42F0045,株式会社ファーストパス,株式会社フューチャーリンク,
44F0023,株式会社インフィニティ,株式会社システムファーム,株式会社テクノサポート
45F0009,株式会社アーステック,株式会社グリーンテック,株式会社サクセスリンク
45H0034,株式会社シンセティック,株式会社ファーストメディア,
45H0009,株式会社ビジネステクノ,株式会社サンライズ,
44F0045,株式会社エンタープライズサポート,,
44B0044,株式会社ファーストステップ,,
41I0014,株式会社オプティマ,株式会社ダイレクト,
41A0034,株式会社トランスフォーム,,
43H0004,株式会社シンプルエッジ,株式会社アドバンスト,株式会社テクノサポート
45A0028,株式会社ライトビジョン,,
45H0025,株式会社ソフトブレイン,株式会社プログレッシブ,
44E0042,株式会社サクセス,株式会社アーステック,
44D0038,株式会社グローバルリンク,,
42I0011,株式会社エッジワークス,株式会社ダイナミックエンタープライズ,株式会社クリエイティブワーク
41B0030,株式会社システムファーム,株式会社デジタルフォース,
44E0013,株式会社エヴォリューション,株式会社スタートアップ,株式会社ブルースター
44E0002,株式会社メタリンク,,
42E0008,株式会社フューチャースタンダード,株式会社ニューウェーブ,株式会社テクノサポート
45B0039,株式会社オープンフロンティア,,
41G0014,株式会社テックプロ,株式会社エクスプレス,株式会社プログレッシブ
44E0004,株式会社マルチリンク,株式会社スマートリンク,
42B0029,株式会社レボリューション,,
43B0003,株式会社レボリューション,株式会社アイテック,株式会社パワフルワーク
44A0020,株式会社ライトビジョン,株式会社エッジワークス,株式会社グローバルビジョン
45H0010,株式会社アストロワーク,株式会社ソーシャルイノベーション,株式会社デジタルフォース
45B0010,株式会社ブルースター,株式会社フューチャースタンダード,
45C0026,株式会社アクションネット,株式会社スピリット,
42A0002,株式会社エヴァシステム,,
42A0040,株式会社アークビジネス,株式会社グッドサポート,
42E0034,株式会社ネットソリューション,,
43A0023,株式会社ファーストメディア,株式会社シンプルエッジ,
44G0034,株式会社フロンティア,,
44C0029,株式会社イノベーティブ,,
43D0040,株式会社イノベーティブ,株式会社スマートリンク,株式会社アクションネット
45C0037,株式会社インターリンク,株式会社リーディングエッジ,
42I0014,株式会社アドバンス,株式会社サクセス,
45F0005,テクノエナジー株式会社,株式会社アルファテクノ,株式会社サクセスリンク
43B0045,株式会社フロンティアネット,株式会社アクションネット,
45A0043,株式会社グリーンテック,,
44I0001,株式会社イノベーションシステム,株式会社ビジネスエクセル,
45G0029,株式会社サイドチェンジ,株式会社グッドビジョン,株式会社システムファーム
41F0020,株式会社セーフティネット,株式会社グリーンサポート,株式会社ワールドネット
43C0020,株式会社オプティマ,,
42D0039,株式会社パートナーシップ,株式会社プロダクション,
41I0028,株式会社ソーシャルイノベーション,株式会社グリーンテック,
44A0044,株式会社スマートリンク,株式会社グローバルリンク,
43G0042,株式会社サイドチェンジ,株式会社スピリット,株式会社ウェルネス
45B0034,株式会社スマートシステム,株式会社ビジネステクノ,
45F0007,株式会社リバーステップ,株式会社クリエイティブワーク,株式会社グリーンアース
41I0007,株式会社ファーストステップ,株式会社フロンティアネット,
41I0031,株式会社イノベーティブ,,
41A0031,株式会社シンプルエッジ,株式会社サンライズ,
45G0042,株式会社フロンティアネット,株式会社ソーシャルイノベーション,
44B0012,株式会社アストロワーク,,
44C0036,株式会社ハイウェイ,,
42H0011,株式会社パスウェイ,株式会社ブルースター,
43B0006,株式会社オプティマ,,
45D0020,株式会社ダイナミクス,株式会社ファーストステップ,株式会社スマートリンク
44A0038,株式会社レボリューション,株式会社ダイナミクス,株式会社ユニーク
41A0012,株式会社ウェルネス,株式会社アクションネット,株式会社プロパス
44A0005,株式会社パッションエンタープライズ,株式会社アドバンス,
45E0024,株式会社グリーンテック,株式会社クリエイト,株式会社シンプルエッジ
43C0009,株式会社インフィニティ,株式会社アドバンスト,株式会社グリーンアース
45F0021,株式会社プライムソリューション,,
41B0032,株式会社プライムソリューション,株式会社オプティマ,株式会社フューチャーリンク
42C0009,株式会社エクセルテック,株式会社スピリットネット,株式会社ダイレクト
45C0042,株式会社アドバンス,,
45H0003,株式会社ニューウェーブ,,
44D0033,株式会社オープンフロンティア,株式会社ニューウェーブ,株式会社ダイナミクス
42G0006,株式会社ビジネステクノ,,
45A0031,株式会社ユニバーサル,株式会社サクセス,株式会社スカイウェイ
43H0041,株式会社ファーストステップ,,
41H0035,株式会社エヴォリューション,株式会社イノベーションシステム,
43D0009,株式会社ビジネステクノ,株式会社リーディングエッジ,株式会社フロンティア
41F0038,株式会社マルチリンク,株式会社オープンシステム,
43G0033,株式会社トラスト,株式会社リーディングエッジ,
45H0013,株式会社スタートアップ,株式会社オリジン,
45F0015,株式会社ニューウェーブ,株式会社アヴァンティ,
44G0029,株式会社ビジョンサポート,,
45H0044,株式会社オリジン,株式会社パッションエンタープライズ,株式会社エヴァシステム
44F0012,株式会社ソフトブレイン,,
44C0040,株式会社トランスフォーム,株式会社オーシャン,株式会社シンプルエッジ
43F0045,株式会社オプティマ,株式会社プライムソリューション,株式会社エクセルテック
42G0020,株式会社テックプロ,株式会社ライトビジョン,株式会社グッドビジョン
43B0030,株式会社スタートアップ,株式会社システムコア,株式会社インターリンク
42H0030,株式会社アドバンス,,
43E0029,株式会社マルチリンク,株式会社ビジョンサポート,株式会社アクティブパートナー
43E0044,株式会社アドバンス,株式会社プログレッシブ,株式会社システムコア
43A0009,株式会社イノベーションシステム,株式会社オープンフロンティア,株式会社システムファーム
45F0027,株式会社リーダース,株式会社グリーンサポート,
45B0001,株式会社メディアワークス,株式会社アドバンスト,
42E0017,株式会社インサイトエンジニアリング,,
41B0008,株式会社エヴァシステム,株式会社デジタルフォース,株式会社ストラテジック
41D0025,株式会社トランスフォーム,,
42E0021,株式会社ファーストステップ,株式会社ダイナミックエンタープライズ,
44H0019,株式会社トラスト,株式会社パートナーシップ,株式会社オリジン
42A0015,株式会社ダイナミックエンタープライズ,株式会社セーフティネット,
45E0022,株式会社テックプロ,株式会社インターリンク,株式会社リーダース
45B0040,株式会社メディアワークス,株式会社ダイナミクス,株式会社アドバンスシステム
41F0016,株式会社アクションネット,株式会社アヴァンティ,
44D0004,株式会社スマートリンク,,
43B0032,株式会社アクティブパートナー,株式会社パワーストーン,
44A0033,株式会社メディアワークス,株式会社パスウェイ,株式会社アドバンスシステム
45B0014,株式会社スマートシステム,株式会社ソーシャルイノベーション,
44D0016,株式会社インフィニティ,,
43C0021,株式会社アストロワーク,,
43A0012,株式会社メタリンク,株式会社グローバルリンク,
41E0030,株式会社ソーシャルイノベーション,株式会社サンライズ,
41I0016,株式会社パワーストーン,株式会社エヴォリューション,株式会社パワフルワーク
43E0001,株式会社アドバンスト,,
41F0041,株式会社スピードウェア,株式会社テクノサポート,株式会社ビジネステクノ
45I0044,株式会社ニューウェーブ,株式会社グリーンサポート,
44E0030,株式会社トラスト,株式会社エクセルテック,
41F0028,株式会社ウェルネス,,
45I0017,株式会社システムファーム,,
44D0009,株式会社イノヴェーション,,
42C0038,株式会社ブルースター,株式会社オープンシステム,株式会社テックプロ
45H0032,株式会社ウェルネス,,
43F0043,株式会社グリーンサポート,株式会社クリエイト,株式会社エンタープライズサポート
44F0040,株式会社クリエイティブワーク,,
42H0003,株式会社マルチリンク,株式会社ウェルネス,株式会社ソフトブレイン
41G0009,株式会社ソフトブレイン,株式会社エッジワークス,株式会社スピリットネット
44D0011,株式会社イノベーションシステム,,
43G0008,株式会社テクノサポート,,
44F0008,株式会社フューチャーリンク,株式会社トラスト,
44E0026,株式会社ビジネステクノ,,
44H0040,株式会社スピリットネット,株式会社オリジン,
43I0005,株式会社ダイレクト,株式会社テクノサポート,
42F0037,株式会社ワイズインテリジェンス,株式会社スカイウェイ,株式会社インフラネット
44A0003,株式会社イノヴェーション,株式会社システムファーム,
45E0014,株式会社パワーストーン,,
42F0001,株式会社アークビジネス,株式会社スピリット,株式会社アドバンスシステム
41A0020,株式会社パートナーシップ,株式会社インターリンク,株式会社ライフエッジ
43E0008,株式会社スカイウェイ,株式会社サイドチェンジ,株式会社オーシャン
45G0014,株式会社オープンフロンティア,株式会社イノベーティブ,株式会社ライトビジョン
42E0007,株式会社スタートアップ,株式会社テックプロ,株式会社クリアビジョン
44B0036,株式会社ストラテジック,,
44D0039,株式会社アドバンス,,
42H0044,株式会社イノヴェーション,株式会社シンプルエッジ,株式会社プライムソリューション
43F0029,株式会社システムコア,株式会社イノヴェーション,株式会社スタートアップ
42F0044,株式会社ビジネステクノ,株式会社サクセスリンク,
45I0003,株式会社ファーストメディア,株式会社パワーストーン,
42G0038,株式会社アドバンス,株式会社ライフエッジ,株式会社スカイウェイ
44B0038,株式会社エクスプレス,株式会社デジタルフォース,
41B0026,株式会社システムファーム,株式会社サクセス,
42A0008,株式会社サクセス,株式会社ユニバーサル,
43I0036,株式会社モーション,株式会社インフラネット,株式会社イノヴェーション
42G0045,株式会社サンライズ,株式会社ユニバーサル,
44C0025,株式会社ストラテジック,株式会社パートナーシップ,株式会社システムファーム
41E0018,株式会社エヴァシステム,,
42B0010,株式会社エヴァシステム,,
42B0043,株式会社サンライズ,株式会社イノベーティブ,株式会社ライフエッジ
42G0004,株式会社オープンシステム,株式会社テクノロジーソリューション,株式会社グリーンアース
44G0028,株式会社フューチャースタンダード,株式会社フロンティアネット,株式会社オプティマ
45E0006,株式会社シンセティック,株式会社レボリューション,
41C0044,株式会社スピリットネット,株式会社グッドビジョン,
44A0019,株式会社パワーストーン,株式会社メディアワークス,
43E0027,株式会社パスウェイ,株式会社クリエイティブワーク,株式会社グローバルビジョン
44E0016,株式会社フューチャーリンク,,
43C0006,株式会社プロパス,,
45E0042,株式会社スピリットネット,,
44H0014,株式会社シンプルエッジ,,
42A0013,株式会社アイテック,株式会社ソフトブレイン,
44I0009,株式会社トランスフォーム,株式会社シンプルエッジ,
42H0038,株式会社アドバンスト,株式会社サンライズ,
42I0003,株式会社トランスフォーム,株式会社クリエイティブワーク,株式会社テクノロジーソリューション
43F0012,株式会社ネットソリューション,株式会社アドバンスシステム,株式会社グローバルビジョン
41D0029,株式会社システムファーム,,
44G0010,株式会社オーシャン,,
45D0037,株式会社シンセティック,株式会社インフィニティ,株式会社サンライズ
44E0028,株式会社ウェルネス,,
44H0010,株式会社ハイウェイ,,
43I0033,株式会社テクノロジーソリューション,株式会社グリーンアース,株式会社インフィニティ
43C0024,株式会社クリアビジョン,,
45E0044,株式会社インターリンク,株式会社オリジン,株式会社スカイウェイ
41C0032,株式会社アドバンス,株式会社アドバンスシステム,株式会社システムライフ
44H0009,株式会社ダイナミクス,テクノエナジー株式会社,
45A0029,株式会社プライムソリューション,株式会社サイドチェンジ,株式会社プロパス
42E0041,株式会社インフラネット,株式会社インフィニティ,
42H0021,株式会社スカイウェイ,株式会社アクティブパートナー,
42E0002,株式会社ソフトブレイン,株式会社グリーンテック,株式会社ウェルネス
45F0025,株式会社テックプロ,株式会社アクションネット,株式会社エヴァシステム
43E0009,株式会社エンタープライズサポート,,
44E0015,株式会社ビジネスエクセル,株式会社アヴァンティ,株式会社グリーンテック
41H0020,株式会社インターリンク,,
45C0035,株式会社システムコア,株式会社プロダクション,株式会社クリアビジョン
44I0035,株式会社システムファーム,,
44G0004,株式会社アドバンス,株式会社システムファーム,
44I0005,株式会社オープンフロンティア,株式会社スピードウェア,株式会社フロンティア
42B0032,株式会社テクノサポート,株式会社スマートリンク,
45A0032,株式会社クリアビジョン,,
41D0041,株式会社スタートアップ,,
42G0041,株式会社パスウェイ,,
42C0024,株式会社アヴァンティ,株式会社モーション,株式会社デジタルフォース
44D0001,株式会社ダイレクト,株式会社セーフティネット,株式会社グリーンテック
45C0045,株式会社グッドサポート,,
43B0041,株式会社リーダース,,
42C0037,株式会社ネットソリューション,,
45I0012,株式会社ソフトブレイン,,
42C0039,株式会社グッドビジョン,,
45G0017,株式会社クリエイティブワーク,,
45F0039,株式会社グッドサポート,,
45F0011,株式会社クリエイティブワーク,株式会社パワーストーン,株式会社デジタルフォース
41I0025,株式会社デジタルフォース,,
44I0007,株式会社アーステック,,
42B0030,株式会社パッションエンタープライズ,株式会社ファーストメディア,株式会社アドバンス
43D0017,株式会社ビジョンサポート,,
45C0015,株式会社スカイウェイ,,
43G0001,株式会社ブルースター,,
43I0024,株式会社シンセティック,,
45D0001,株式会社アクションネット,株式会社パワフルワーク,株式会社アクティブパートナー
42H0034,株式会社ウェルネス,株式会社ビッグデータソリューション,
45H0005,株式会社アクションネット,株式会社ユニーク,
45B0036,株式会社イノヴェーション,,
45H0042,株式会社アクティブパートナー,株式会社ファーストステップ,
45A0001,株式会社テックプロ,株式会社ビジョンサポート,
41B0040,株式会社ダイレクト,株式会社エクスプレス,株式会社デジタルフォース
43H0028,株式会社パスウェイ,,
42G0019,株式会社メディアワークス,株式会社ライトビジョン,
45B0006,株式会社エヴォリューション,株式会社グッドビジョン,
42E0024,株式会社スマートシステム,,
42I0044,株式会社ビジョンサポート,株式会社エクスプレス,
43D0044,株式会社メタリンク,株式会社スマートリンク,株式会社ハイウェイ
43D0003,株式会社プログレッシブ,株式会社ワールドネット,
45A0036,株式会社スマートリンク,,
42H0016,株式会社ユニバーサル,株式会社トラスト,
42G0032,株式会社クリエイト,,
41B0015,株式会社エクスプレス,,
41H0002,株式会社グッドビジョン,,
41F0022,株式会社エンタープライズサポート,株式会社オリジン,
43D0006,株式会社アーステック,,
43B0016,株式会社フューチャーリンク,,
44G0016,株式会社ソーシャルイノベーション,,
45C0043,株式会社ビジネスエクセル,,
42B0002,株式会社テクノサポート,株式会社サンライズ,
43B0036,株式会社マルチリンク,,
41E0022,株式会社ウェルネス,株式会社エクスプレス,
42B0039,株式会社パスウェイ,株式会社フロンティアネット,株式会社サイドチェンジ
44I0004,テクノエナジー株式会社,株式会社エコリーダーズ,
43H0014,株式会社ウェルネス,,
43G0023,株式会社エクセルテック,株式会社スピリット,
41D0014,株式会社イノベーションシステム,株式会社レボリューション,
45C0021,株式会社インフィニティ,株式会社グリーンテック,
45H0022,株式会社エヴォリューション,株式会社シンプルエッジ,株式会社エクスプレス
45C0044,株式会社フューチャーリンク,株式会社クリアビジョン,株式会社アストロワーク
44E0023,株式会社ビジョンサポート,,
45H0001,株式会社ファーストメディア,,
44A0004,株式会社ワールドネット,,
42F0026,株式会社グリーンサポート,,
42A0033,株式会社アイテック,株式会社イノヴェーション,
41I0004,株式会社スマートシステム,株式会社イノベーションシステム,
45E0011,株式会社イノベーションシステム,株式会社グリーンテック,株式会社メタリンク
43A0027,株式会社ファーストステップ,株式会社フューチャースタンダード,
41G0041,株式会社ユニーク,株式会社ビッグデータソリューション,
43B0044,株式会社スピリットネット,株式会社リーディングエッジ,株式会社アドバンスシステム
42C0017,株式会社エヴォリューション,株式会社ネットソリューション,
42F0012,株式会社ネットソリューション,株式会社パスウェイ,株式会社スマートリンク
41E0043,株式会社エッジワークス,株式会社アーステック,株式会社サンライズ
41F0005,株式会社サンライズ,,
42E0042,株式会社ビッグデータソリューション,,
44C0020,株式会社アイテック,株式会社エクセルテック,
44A0009,株式会社システムファーム,株式会社ネットソリューション,株式会社プログレッシブ
42B0028,株式会社システムライフ,株式会社エコリーダーズ,株式会社パートナーシップ
41A0032,株式会社ビジネステクノ,株式会社ファーストメディア,株式会社アルファテクノ
44F0022,株式会社クリエイト,,
41D0006,株式会社グリーンテック,,
45G0020,株式会社ビジネステクノ,,
41G0024,株式会社イノヴェーション,株式会社プライムソリューション,
41D0010,株式会社ハイウェイ,,
43H0020,株式会社ハイウェイ,,
45A0006,株式会社トランスフォーム,,
45D0041,株式会社アドバンスト,,
44H0035,株式会社ハイウェイ,,
44G0020,株式会社エクスプレス,,
42E0027,株式会社ネットソリューション,株式会社リーダース,株式会社シンセティック
44D0030,株式会社リーダース,,
41B0041,株式会社エッジワークス,株式会社グッドサポート,株式会社リーディングエッジ
44F0036,株式会社インサイトエンジニアリング,株式会社アヴァンティ,
43B0012,株式会社ソフトブレイン,株式会社エッジワークス,
45C0013,株式会社エクセルテック,,
41I0032,株式会社ユニーク,,
45H0026,株式会社セーフティネット,株式会社シンプルエッジ,株式会社アドバンスシステム
45F0034,株式会社フューチャースタンダード,株式会社スマートシステム,
44F0003,株式会社グローバルリンク,株式会社グリーンアース,株式会社プライムソリューション
43H0018,株式会社アークビジネス,株式会社アルファテクノ,
44I0045,株式会社クリエイト,株式会社ライフエッジ,
42A0044,株式会社ビジネスエクセル,株式会社ソフトブレイン,株式会社ビジネステクノ
43C0012,株式会社フューチャーリンク,,
45E0004,株式会社フューチャーリンク,株式会社アルファテクノ,株式会社グッドビジョン
44B0045,株式会社イノベーティブ,株式会社スピードウェア,
45E0015,株式会社ブルースター,株式会社サイドチェンジ,株式会社ニューウェーブ
42C0004,株式会社アーステック,株式会社アドバンスシステム,
45E0019,株式会社サクセス,株式会社ユニバーサル,
41H0030,株式会社アドバンスト,株式会社サクセス,
43B0042,株式会社エヴァシステム,株式会社エンタープライズサポート,
41A0027,株式会社デジタルフォース,株式会社エクスプレス,株式会社インフィニティ
44B0026,株式会社フロンティア,株式会社スピードウェア,株式会社アヴァンティ
42D0036,株式会社レボリューション,,
44C0035,株式会社スマートリンク,株式会社オリジン,
43G0005,株式会社クリエイティブワーク,株式会社パートナーシップ,株式会社システムコア
42A0007,株式会社インターリンク,株式会社インフラネット,株式会社ライトビジョン
43G0007,株式会社エッジワークス,,
41D0044,株式会社エッジワークス,,
42B0013,株式会社トラスト,株式会社エッジワークス,株式会社アークビジネス
45A0004,株式会社インフラネット,株式会社グリーンサポート,株式会社ソーシャルイノベーション
43B0043,株式会社オープンシステム,株式会社ソフトブレイン,
43A0018,株式会社ライトビジョン,,
41I0034,株式会社ソフトブレイン,株式会社リバーステップ,株式会社プライムソリューション
41F0001,株式会社サンライズ,,
45I0013,株式会社グリーンアース,株式会社インサイトエンジニアリング,
43C0013,株式会社テックプロ,株式会社システムライフ,株式会社アドバンスト
43A0034,株式会社ビッグデータソリューション,株式会社グローバルビジョン,
45G0003,株式会社グッドサポート,株式会社ユニーク,
45E0038,株式会社テクノロジーソリューション,株式会社グローバルリンク,
41C0022,株式会社パワーストーン,株式会社オーシャン,
43B0038,株式会社アークビジネス,株式会社ビジョンサポート,株式会社エヴォリューション
45D0009,株式会社フロンティア,株式会社テクノロジーソリューション,
45E0033,株式会社ストラテジック,株式会社ニューウェーブ,株式会社ワイズインテリジェンス
41C0003,株式会社ハイウェイ,株式会社ファーストメディア,株式会社スピリットネット
44D0034,株式会社アークビジネス,,
41H0005,株式会社ビジネステクノ,株式会社アドバンスシステム,株式会社フロンティアネット
42C0029,株式会社ファーストパス,,
42F0035,株式会社エヴァシステム,,
45H0016,株式会社ウェルネス,株式会社サイドチェンジ,
44F0001,株式会社グリーンサポート,株式会社グリーンテック,
45A0021,株式会社グッドビジョン,株式会社アヴァンティ,
43H0034,株式会社パートナーシップ,株式会社テクノサポート,株式会社アルファテクノ
43F0009,株式会社サクセスリンク,株式会社パッションエンタープライズ,
43B0020,株式会社ダイナミクス,株式会社アドバンスシステム,
43B0001,株式会社パワーストーン,株式会社オープンシステム,
44B0014,株式会社グローバルビジョン,株式会社トランスフォーム,
41A0023,株式会社モーション,,
42F0014,株式会社スタートアップ,株式会社アヴァンティ,
41E0044,株式会社ファーストパス,株式会社フューチャースタンダード,株式会社プライムソリューション
44C0012,株式会社グローバルビジョン,株式会社ダイナミクス,株式会社プログレッシブ
45I0033,株式会社ビジネスエクセル,,
44H0032,株式会社グッドサポート,,
43G0026,株式会社アクションネット,株式会社ソーシャルイノベーション,株式会社アーステック
45I0002,株式会社ビジネステクノ,,
43B0014,株式会社グローバルビジョン,,
43H0007,株式会社ファーストメディア,株式会社マルチリンク,
42H0041,株式会社ワイズインテリジェンス,株式会社アドバンスシステム,
45I0019,株式会社アークビジネス,株式会社リーディングエッジ,
45C0011,株式会社スピリットネット,株式会社ウェルネス,
45A0012,株式会社リーディングエッジ,株式会社エンタープライズサポート,株式会社ビッグデータソリューション
42H0019,株式会社ソフトブレイン,株式会社ワールドネット,株式会社エンタープライズサポート
41C0002,株式会社ウェルネス,,
45E0031,株式会社グリーンアース,株式会社ファーストパス,
43A0033,株式会社システムライフ,株式会社グローバルリンク,株式会社ハイウェイ
41A0014,株式会社サクセスリンク,株式会社ユニーク,株式会社セーフティネット
41I0010,株式会社フロンティア,株式会社エヴァシステム,
41D0033,株式会社ワールドネット,,
41H0014,株式会社エクスプレス,株式会社エンタープライズサポート,株式会社ストラテジック
45B0013,株式会社インターリンク,株式会社エッジワークス,
44D0026,株式会社グッドビジョン,,
45D0039,株式会社スカイウェイ,株式会社メタリンク,株式会社エクスプレス
44G0045,株式会社デジタルフォース,,
42A0010,株式会社プライムソリューション,株式会社ネットソリューション,株式会社サクセスリンク
43H0017,株式会社フロンティア,株式会社エヴァシステム,
44A0024,株式会社ブルースター,株式会社リーディングエッジ,
42B0044,株式会社ソーシャルイノベーション,株式会社ハイウェイ,
45H0040,株式会社ビジョンサポート,,
43F0004,株式会社テックプロ,,
41F0042,株式会社エヴァシステム,,
43D0032,株式会社ビジョンサポート,,
45D0006,株式会社アヴァンティ,株式会社グローバルビジョン,
43B0002,株式会社パッションエンタープライズ,株式会社ユニーク,株式会社サクセス
44H0012,株式会社ファーストパス,株式会社アーステック,株式会社オープンフロンティア
42E0037,株式会社オプティマ,,
42D0032,株式会社グローバルビジョン,株式会社エコリーダーズ,株式会社ダイレクト
41I0035,株式会社オーシャン,,
43E0024,株式会社ネットソリューション,,
45D0017,株式会社インフィニティ,株式会社インフラネット,株式会社サクセス
42F0007,株式会社リバーステップ,株式会社ダイナミックエンタープライズ,株式会社システムコア
44A0016,株式会社アドバンス,株式会社マルチリンク,
44F0013,株式会社エッジワークス,株式会社ブルースター,
41B0038,株式会社メディアワークス,,
41B0018,株式会社レボリューション,株式会社プログレッシブ,株式会社オープンシステム
44G0011,株式会社ソフトブレイン,株式会社クリエイティブワーク,
42F0041,株式会社インフィニティ,,
42I0020,株式会社ネットソリューション,株式会社エッジワークス,
41G0007,株式会社モーション,,
41H0007,株式会社グッドビジョン,株式会社スピリットネット,株式会社テックプロ
42D0044,株式会社ウェルネス,株式会社オープンシステム,株式会社イノヴェーション
43B0037,株式会社グッドサポート,株式会社オーシャン,
44D0036,株式会社イノベーションシステム,株式会社クリエイティブワーク,
45I0009,株式会社プログレッシブ,株式会社サンライズ,
41A0030,株式会社マルチリンク,株式会社プロパス,
42G0022,株式会社インサイトエンジニアリング,株式会社ビジネステクノ,株式会社サクセス
42I0002,株式会社エコリーダーズ,株式会社スカイウェイ,株式会社パートナーシップ
43I0010,株式会社インフラネット,株式会社ソフトブレイン,株式会社プロダクション
43D0027,株式会社プロダクション,,
43H0044,株式会社イノベーションシステム,,
41F0017,株式会社システムコア,,
42A0026,株式会社クリエイト,,
42C0001,株式会社スピリットネット,,
45G0035,株式会社リーダース,,
45E0043,株式会社エッジワークス,株式会社ネットソリューション,株式会社ライフエッジ
42B0027,株式会社ダイナミックエンタープライズ,株式会社インサイトエンジニアリング,株式会社テクノロジーソリューション
41A0017,株式会社プロダクション,,
42I0005,株式会社エクスプレス,,
42A0011,株式会社オープンシステム,株式会社ネットソリューション,
42B0024,株式会社フロンティアネット,株式会社サクセス,株式会社オプティマ
43G0013,株式会社フューチャースタンダード,株式会社メタリンク,株式会社セーフティネット
43I0022,株式会社アドバンス,,
44B0029,株式会社ブルースター,,
41I0019,株式会社サイドチェンジ,,
45D0038,株式会社パートナーシップ,株式会社リーダース,株式会社エヴァシステム
45F0033,株式会社エッジワークス,,
41E0004,株式会社ウェルネス,株式会社プロパス,
42F0031,株式会社フロンティア,,
44B0008,株式会社ビジョンサポート,株式会社トランスフォーム,株式会社ユニバーサル
45H0018,株式会社クリエイティブワーク,,
45G0008,株式会社アドバンス,株式会社ユニーク,株式会社ファーストメディア
42A0041,株式会社オーシャン,株式会社アヴァンティ,株式会社アドバンスト
43B0023,株式会社スピリットネット,,
45I0040,株式会社プライムソリューション,株式会社ファーストステップ,株式会社エコリーダーズ
44I0039,株式会社クリエイト,株式会社エッジワークス,株式会社システムファーム
44B0037,株式会社ネットソリューション,株式会社グリーンテック,
43A0024,株式会社デジタルフォース,,
44A0031,株式会社ダイレクト,株式会社ネットソリューション,
43D0025,株式会社メディアワークス,株式会社ライフエッジ,
45C0003,株式会社ライフエッジ,,
41H0028,株式会社エヴァシステム,,
45I0005,株式会社ネットソリューション,,
41C0006,株式会社レボリューション,,
42A0012,株式会社スタートアップ,,
45D0045,株式会社エンタープライズサポート,株式会社ファーストメディア,株式会社アルファテクノ
41F0039,株式会社シンプルエッジ,株式会社アイテック,株式会社イノベーティブ
42F0039,株式会社パッションエンタープライズ,株式会社オープンフロンティア,
42E0032,株式会社ライフエッジ,株式会社グリーンテック,
45H0023,株式会社プログレッシブ,株式会社インターリンク,株式会社フューチャースタンダード
44E0020,株式会社エッジワークス,株式会社アーステック,
41H0013,株式会社スピリットネット,,
42G0016,株式会社インサイトエンジニアリング,株式会社テクノサポート,
43A0011,株式会社モーション,,
43A0036,株式会社ブルースター,,
